article_id,title,published_date,source,url,crime_type,description,district,locality,latitude,longitude,location_confidence,location_source,severity_score,risk_level,is_crime_relevant
074394e6c32ce11b,Woman arrested for posing as DSP in Vellore,"Fri, 12 Jun 2026 07:00:00 GMT",The Hindu,https://news.google.com/rss/articles/CBMiswFBVV95cUxPRkM0cjV6bk5yQmVkNE5DVWVEX25vS1FHendUWmVjdGZ1WmEySGUwVm9FWldlVkR0MDR6VlBOOXFmbUNQd1p4aDFyRFZxaWVVeWd3UG1qb3dfc0F6RGpoNlV0NmZkQWVJaFlhNllPYU43QURjWnE4eG9JU1VxeHFNVGVrNVI2cTdyVkRQNERfaXpHYnNTb28wTlU2enlWVGJzMngtU1V1c19KOVA0Y25hZjJsUdIBugFBVV95cUxNUXY0clFMZ2VHZ19ndU9LOWZleFpDSTBzaE5kSEhqLW5CQjE3V0RRYlYxZjZCclVPNDFSSFgyOE81UHNvam83OV95b1RoS1Jld0dHY0lNdXNlTEtua2xkTElGVVNWQ096cVJSeGQtMHpkMmhZc0JSUHViWGd1N2tHeWltOXZ4UXhMUWRsQVJQZm5FYno5S1BkQURzcVIzXzMybFNoT2QxWkpDTXNxUHBpajRqdEJPc2ZhblE?oc=5,Fraud,Woman arrested for posing as DSP in Vellore The Hindu,Vellore,,,,UNKNOWN,Woman arrested for posing as DSP in Vellore Woman arrested for posing as DSP in Vellore The Hindu,5,Medium,True
eefd3f401cd22ae8,Constable among Vellore trio held for series of bike theft in Sriperumbudur,"Sun, 07 Jun 2026 07:00:00 GMT",DT Next,https://news.google.com/rss/articles/CBMisgFBVV95cUxQbUxLbkpuaF9kNkdZa1o0ODFyUjYxcE83Sk1OTUotWGlnbVhWTExPTnJsX0w0VUlRZjc4V2d0SDVSVjc5OUdCTE1sZy1TbEJySmVFaFZtejdDeHdWMFZPTF83eVg4WG1xZDFqdVRhcFhwemZsV1F1YWlrdnVWUjB4QnN0UE41MGpjYWg4RXBUajBzZXhWQXJKa1YtakFjSnlaNVg2MXpSb3ZyRUNNTGg1VDFn0gG_AUFVX3lxTFAxa3hqS25VbDNtT3A1VUhiSllIMjhmYlBvdm51ZTBYLXpUX3NPYjh5ZVNCc19PcDFMRWlEUlM4dGRuWklGd0F4N2NGX1ZmSDFvVHJ5QmtNREVsRk5uSV95cEc0d1dUVDlJNzhEMHVKUnpOdUhBYmRiWlZQaHBzT0xwV1h5N3hLZ0ljSGRvaWRHZnlKMFBsRjQxSlc1UVZHcVRMbTNOMmE0c2NWa3BMSmJXallFY3ltVnVKcTV3QTZz?oc=5,Theft,Constable among Vellore trio held for series of bike theft in Sriperumbudur DT Next,Vellore,,,,UNKNOWN,Constable among Vellore trio held for series of bike theft in Sriperumbudur Constable am,2,Low,True
90a2864e6de27a0c,Three from Vellore arrested for extorting money from senior citizens through ‘digital arrest’,"Thu, 21 May 2026 07:00:00 GMT",The Hindu,https://news.google.com/rss/articles/CBMi7AFBVV95cUxPQ0ZGM3JhUzdDcXNQSXJGUXFaTlluX3RyaXJIN1ZoMkdiYm0xVDNqUHQ4a2gzNm51N0RrRmhlNnFvTi1JSzZfMTFXVmdoODJObXNrSDdXTTdmby12c0xJakNNbTdmT1E4d0dydVV3Ti1TWnpSdWRwQUdOLTYtaEFkb1MxWkk3QTBVeVJpaXBGR2dkVGtva3RrQjlHOUcwNXA1NkdETTRJeEhPRlVoTWdqWnpGcW1nX1JyY2l2a2NKV21aNE9sX0JTTFpvMFduRFBSVWNnbXZXYVB5aGpqTk1QMzJONkNHRTZyTlZOX9IB8wFBVV95cUxQQ2RGUGh6bld5VDRjZnJGdzRPRnpoVVJZcGJHQ1AyM0dWZ0xWZ2R6WlZNZXVCUDFKWS1iZVNsUm9ReE1BVWs1TzV3UjFQUlR6SW1mVzVIaFVIOWlfTGYwUFY2WnozekFmNU0wTXUxU2lleTAtWmNRb3JsNFo4ODMydTVxYzNsUVVKaGhEYkswUldJYkZTRE5ubDhEWGZ0cy1RSnFQem02RmMzWnlWVnk5M0ZoYU1TaXlOeHNIbTRueVBTekdRTV9FVTdIUXczQUhpS1B0U3V0OUg5MDFpckoxMlJKTTNfRDNfQ0dYTEdjLVZxV2c?oc=5,Cyber Crime,Three from Vellore arrested for extorting money from senior citizens through ‘digital arrest’ The Hindu,Vellore,,,,UNKNOWN,Three from Vellore arrested for extorting money from senior citizens through ‘,5,Medium,True
f3b3119c44ee69a2,Vellore man arrested over Cambodia cyber slavery racket,"Mon, 25 May 2026 07:00:00 GMT",Khmer Times,https://news.google.com/rss/articles/CBMimwFBVV95cUxQc00tRDN5M3dBb1JJZS16a2hpWjdKdzd6MTRlYmVOX2xjTG5WTE5LeUJXWmhzN0tzNG9iQWY2VWN1NnpjcWhXTGw4N1BKcDZTNElSWk9nR3pkNmVyZmVReDVNakh3TnRlSFN4dGJkTUhUUlVVUUZxQmZxTVNsd0M2SFgtb0Uwd1N2Q2huWE56LUJNeGlscnVnQ2RjUQ?oc=5,Cyber Crime,Vellore man arrested over Cambodia cyber slavery racket Khmer Times,Vellore,,,,UNKNOWN,Vellore man arrested over Cambodia cyber slavery racket Vellore man arr,5,Medium,True
a3bb6553c9e8d2ba,Vellore man arrested in cyber slavery trafficking case linked to Cambodia,"Sun, 24 May 2026 07:00:00 GMT",The Hindu,https://news.google.com/rss/articles/CBMi1AFBVV95cUxOUFpjOVZHbVV5U0dwY0FxampxQW1YV0o1dkFTU0hFZ20wTk9mY2NLeWZETVVfVGtTT0NlSmNwTjZVN1pESS15Z0QtX0xRQi1TclR1a0o3WFdyU090allOb0RzODBZLXNMSHpYZ1dEdm9MNmJwVWNiS2Y2OTFyaDgzY3RSTDNSWGw2U3ZkdlFTbUhKOVlqNGRRb1JUYzBZS19mYVNMV19va3RJM1JYZk9qVG0wTUc4Y3FQSXNtWDJNWjY4a05yeHp4clYwS1duOUxTREpvMdIB2wFBVV95cUxPVUItZERQdTZlUGxSRXExMm9FMGktUU5vcWFVN19ZQ05RYkdHSWJ2SXJOQXN3RDQzdzdBaEtxaXFnc1hGdV84cTFOa3ZUbDRNdEFYcnFlYXFWUmh0T2lWYjY1UkNhSm9aS0ZWRm00UEhKTnJYZFN2ektsenRZNzFBb185YmplRDFadmF6ZDY3MzFqMEdjZGpoM1BLVFV6cW5VbXJvV2FVNWh6bGJVZ1FnTlBPV3JucVVuY3pjdEJELWJnZVVpWWNNRDlQNlM2dzBKR0NTdkV3VlRoekk?oc=5,Cyber Crime,Vellore man arrested in cyber slavery trafficking case linked to Cambodia The Hindu,Vellore,,,,UNKNOWN,Vellore man arrested in cyber slavery trafficking case linked to Cambod,5,Medium,True
5c8ec0e531c1a77d,Gangrape of Vellore lady doctor: Boy gets 20 years rigorous imprisonment,"Tue, 18 Feb 2025 08:00:00 GMT",The Times of India,https://news.google.com/rss/articles/CBMi3wFBVV95cUxQZVdrMjFuU09IQ3B0T0I1SVV0cHh4XzJBZmZCRTdIcW94U2NOUlh6MmlUQmRFTngwTVBPNTJ5UFVrVUhTZ3dlalc4aURFMVV0aktMWDY1N3Y2dk5HSDg1Nmk5aUtPWlBoSk52NGtwNktYTUlLQ1g1Sy1zTkhWN01KOGU0Wm1wUldfVGVGQmdBZlRySmRVRmFhenFyQjByU3o0YVE2czRjMFNVQm41NUhsY2k5djBaZXdUX1FtaTlEeGFUNkQ5R3RzaGY4bTNXOE9zak5BanJCQUpwVS1KLXVr0gHkAUFVX3lxTE1NUHRsM1hnc2ozVWlaNzF2V0pCT2Q5bmc5T2J1dEJBRGpGRDJHa3dMczZ3Q2xtby0xdmctLXFOckc5YUNSLVBXcGNRMEJyZ01XQmZBS2hLYlNLVXhQa2ZnVENKb2tSVmEyRGRGNmNTZUxVdXVqaGQtNVVyTlRqWUVPYjNhdXQ5V3RrUTBDeWNORlJWR2VfdzhaN25EMVV6YkZmMWVVejloS083eXJYQTRkYUdwX2VvdFFBcW92MXRXMnlyX1lLb0FZTXNMZDFnMUtlTWg1MGFKUlVmYlpkbEM1dkNfbw?oc=5,Sexual Assault,Gangrape of Vellore lady doctor: Boy gets 20 years rigorous imprisonment The Times of India,Vellore,,,,UNKNOWN,Gangrape of Vellore lady doctor: Boy gets 20 years rigorous imprisonment Gangrape of,10,Critical,True
70d2d39686e4ee8b,Four get 20 years imprisonment in 2022 Katpadi gang-rape case,"Thu, 30 Jan 2025 08:00:00 GMT",The Hindu,https://news.google.com/rss/articles/CBMiwAFBVV95cUxQenhJX2VVUURUVlNxaE9hUEh3NEs0Z2ZqRjEzRzlzZVN5Y3Y2b2ZXRVFJeE5MWk9DQ1VKbkxXNS1TMmpFMzFBd3d0UEJIa0dMdEFVVUQtNmxObGJyZ3VzcWtOazR4N2ZsMkNSRktfM2lVX3VjSmNWYjZ2dGh3X3BiR0FWaVh4SjBOVUV6cXg3NDRvN0FIaXZMbm0xcnZrZThFU3M1ZUNIcDBPb2FrVWhRVFk3Tk1uY1F1Q1NOSVRFNVLSAccBQVVfeXFMTi1jS0psdGZHUHY4TzVnWFVqdkhJeVhCZ0ZlR3ZSMUNsLXF1QzhsdXpsRWh1YWhER05IT3ItRXhIeGI5UEJhcFlLa29XbHhaVFJKeFRKWEZuX0dGX3hRMjJxQjFhNndscWNqNDRSUWxJcU4tZHBuUmN4WGdSWWlzMy1GcC1WZ3drQnNnOHd1dGp2QTRZYVZJNlR6c3FWZ3B6YWlRU2tWY0tmR3BtaktoLVRUWHR6X2wyQUJ2bnA3TWs5eEczQ0FzYw?oc=5,Sexual Assault,Four get 20 years imprisonment in 2022 Katpadi gang-rape case The Hindu,Vellore,Katpadi,13.043505,79.240410,HIGH,Four get 20 years imprisonment in 2022 Katpadi gang-rape case Four get 20 years imprisonment in 2022 Katpa,10,Critical,True
d36ad5c391bbbc59,Marine engineer arrested for dowry harassment and domestic violence in Vellore,"Tue, 22 Jul 2025 07:00:00 GMT",The Hindu,https://news.google.com/rss/articles/CBMi4gFBVV95cUxQeFRuVkZHeERlbUZacEFDVElhY0dWWVJ3WEVYV1RnTXk2TTFreUZySlRvbGw0UmhYdWlBTURrLTYyTW00Sm9PNFExOWo2ZlJoX0dTdVMzY2l2b2M2enBVeXhTQlFYbG15R1Z4VEhIZTlIN1luWXVQY2V0SkdTblhnQ0ZiZDEzNkxhMW9uSHlUb25aN3pEOGotRGlNc3d2bUZrSEZsbzV6YlliNXp0RkJfM192LURSU2VjU2V1eTMzc0tsOFlxcTZGb3p6OGJPZ3BxOE4yZlB4X2xQWGxYYVJtNmp30gHoAUFVX3lxTE9ZV0NZNy1zaDN6MzEtQ05iek5ncjEyV1VlYkpLcmxKN3g2c1BadFlBbUR4RlhLMjFTS2U4ZkU2YmJSa3hDTnRoS2xmTUQ3dGRIeFh6N01FX0lSZ294ajhuYVQ3b1Z2SmRWV2JCWWhnalpfeWFWNy1TX1U2YXB0bjN0NUw1TlVxeDg1dGpJR29sMkoxWmFxSWNKdDhRMUg4cms5TGtMSVZQUWdVdEJocDN3d1hFYlk3eTVQN3ZneGNWWm8tX1dJSXg0N01zdjJLWFRldkdQdHpKeDNFNHdMNWJQUUdrdXNXUG0?oc=5,Domestic Violence,Marine engineer arrested for dowry harassment and domestic violence in Vellore The Hindu,Vellore,,,,LOW,ngineer arrested for dowry harassment and domestic violence in Vellore Marine engineer arrested for dowry harassment and domestic,8,High,True
b48e5f2617455ff5,Vellore doctor gang rape: Juvenile gets 20-year imprisonment,"Wed, 19 Feb 2025 08:00:00 GMT",The Hindu,https://news.google.com/rss/articles/CBMiyAFBVV95cUxPQ0NqcVhKNGVtb3N6SXZhNGpZLXlsOUpZcVNEaDB1UGMzV19jWTZYN0Y5WTFmU3Q3dTFDY2FmbkFoeEJwbHhpeG1EX1FjRXJSeGZPV3RScFRlSmFBRzM4V2FNZDliSWI2ZWo1b21ueVRWZEhvb3MzRHQydy1Xems0alZWQTJZQUtzS1ZYbnJISHVLSmZ5UVYzdUUya00yV0g4bFRJTHQ5YThUcG5fVFZUNTBPY3Q2Qkk2MGJHWHdLWmNRRGlHNmpPWdIBzwFBVV95cUxNTVZxSWFncDJMRWFKbTZWQ1dCZWw5ZzdaT2dkUGszSkdUaFYyLS1HWUliNDU0VjZULU12QzZpWTBZU0FraFJKU1JjVzRLN3NOdTQtM0pLR3dEYmp0V1J0dW9lX2E1cW1DdWtFODdDMnVRSzhIQUdFWmxyOXNpRjhYRzZaeXFvS3BqLXRQUW9Ma0ticlRMS1JPQ0cybU5NUVl5YjJoOFlWOE8xVlN1UkFWLVJPdUtEWHh5MDNHSVROanY4SVdUVjJ1U3Fad2ZVTk0?oc=5,Sexual Assault,Vellore doctor gang rape: Juvenile gets 20-year imprisonment The Hindu,Vellore,,,,UNKNOWN,Vellore doctor gang rape: Juvenile gets 20-year imprisonment Vellore docto,10,Critical,True
b577529c3ffa4b12,Gang arrested for possession of Indian pangolin in Vellore,"Mon, 13 Jan 2025 08:00:00 GMT",The Hindu,https://news.google.com/rss/articles/CBMixwFBVV95cUxOblNKcC1fZHN1WXAwVm00Nl9Bdk5idEo5R0tMd2JZWV9oUEc5eDN0ODZWem5CM3dzaFI2Q21tdFllelhKbkUtVkxmU1JDSW9fOXFJVlQ5Tm1OU2ZIMHR5NVVwYW9qM2k1MlktbW9VeWxaMUtuVlRGRW1wa25tLTdBNktqSENNVTNxOEg3S1ZySEZZa1NNQWlSOXJOSEVtVTMyWk94SXhsZ2JZbjN0YlI1bXUzYVRwakRSamRUbkFsTTV6T084bDhR0gHOAUFVX3lxTE0za2Vkd3ZyOWozV1RWNGVpTjdtdU45OVgxTjRRUExUU1Nadzd5aFVvalB5SkNKTmRGZWNFOFJLc2Y2aHZHc1ZJLVcxTnAwZ05VRzU5ZFZJU0F1ZmtpV3dIcV9ndkwtckhLSjNTUHRMZmRKRk1GcFgzY2VCeVlNWHozVWdWZl84T01rUjdDcUVOb1NsVnF1dHJjbVliZDQ3NXNlelVQVGp4d3drNUxqNHEyeFRNdEhabUsySU1PT2Ezbzh3LW92MklBSHctSlZB?oc=5,Other,Gang arrested for possession of Indian pangolin in Vellore The Hindu,Vellore,,,,LOW,Gang arrested for possession of Indian pangolin in Vellore Gang arrested for possession of Indian pangolin in Vellore,5,Medium,True
a01f9bd4bf9725e7,"Doctor from Bihar gang-raped in Vellore, two juveniles among five arrested","Wed, 23 Mar 2022 07:00:00 GMT",The Hindu,https://news.google.com/rss/articles/CBMi2wFBVV95cUxOVG5UUDVKbEJMRnAtaWxacVpVTldhVlRfaXVMSmZJYjlEc1JWd01fQWVJWkpSUDRKR0tjaUZpejczT2Z1NmI2eUl0VFNJbm8wWHMxR2RfZ2N2dElpSXZGenBWaldRU19JazVPTHFUcU9hblA0UTlSNUpiSEpPQmlwWUNwczNCSFB3MVhSemZYQ25BeG5WeEdGY2pqT3VEVWtLa2UwTG55MjZ5VGlCdjQ0NHZfb1R0bnJBV0xXTVhFYkk3dVl5TDRJdjJVR2JYQ3VyLTJoVnR4Q1paM2vSAeIBQVVfeXFMTmQyTk1vTFpGNDNGUURTSE9uSmkxa2w5MFp1SHVjQnMwcGhaa1kyY2RFYk5Eanpxa2hjMV9wcF9DOUd6bms0RURmSDNzUUY0TjNWSjBGRGtidF9UdHo4MkRfdzZ1UThEcVNURUhaRmJxQkpuOG9mQXF1Mm5MMHVidXRGYzZ0WkxQcUU0RFZNMEsyU1dyVllBWlVvR29HdVJWQ0RMVWhNUXV0RG1LU085cWY0TTNCdzE5bnNQQTVGdjhZcVVENFZGTm91NFFkcmxkMUdDVDZDZ203eUc3Yy1TT0xZUQ?oc=5,Sexual Assault,"Doctor from Bihar gang-raped in Vellore, two juveniles among five arrested The Hindu",Vellore,,,,LOW,"Doctor from Bihar gang-raped in Vellore, two juveniles among five arrested Doctor from Bihar gang-r",10,Critical,True
d75fd72b07c4d727,Online fraudsters cheat Vellore woman of Rs 6.72 lakh,"Tue, 21 May 2024 07:00:00 GMT",The New Indian Express,https://news.google.com/rss/articles/CBMitgFBVV95cUxNX0VicFJ6WW1VZEpQekNmRF9wQXZVSEZxRzZpTGZVU2NmN05FQ1czekFwcU1FaWhMbmlmQ21DUi10Q2h1QlNlOElaYXIzQVNwTk5YY1dvVTYxY1I1VjRseW9UUE55VGZDcDFTdk1JS3FndFlqNWVPV08zQU5qak1OM0ZZZWFPOXJlb2VPUDNaWTdranhseTB5eUx6S1dFZ0lZRFBOMkxoYzlKX21zbFR3RVBFNHJwd9IBwwFBVV95cUxQNEYyczlFSUVlbEE3TUxUQk9aZTBKWUFndS1rWEhhNG9jNHI0RzU3OFctSUpwSnpra0RzMG9XX0pJdDJ6SXQ3b05nam94UHdhakZmclk3YjVITjJzVHJtYjFSUC1jeVV1WjR2NnpteVpWU3E5NDRLRklfVHRkSkVEMEhFREJJb2Fsb2lacl9Pc0J4WnBEUXpqNHVNckM0RUJ5QUE4NnUzUWgzQTJudzhaNlZ6V3g4TFpFOTZQbUY0RDA3WHM?oc=5,Fraud,Online fraudsters cheat Vellore woman of Rs 6.72 lakh The New Indian Express,Vellore,,,,UNKNOWN,Online fraudsters cheat Vellore woman of Rs 6.72 lakh Online fraudsters cheat Vellore woman of Rs,5,Medium,True
4ab7942db063c268,"Police to conduct public auction of seized vehicles in Vellore, nearby districts","Sun, 26 Oct 2025 07:00:00 GMT",The Hindu,https://news.google.com/rss/articles/CBMi4wFBVV95cUxPUDFfR1dRa2RuZWpwM2ZJZ2dBY1gybHVySEx5TjkxVjl2SVo5UXBLWTNrdjhUcmxhR1RSVFRRUlVhaXNaY3pObVdhVWppc1ppUHdLbVVPVlpLM013VWxjSUp3MVltdUlkLXJwNkNpYUlnSWNRb2M3djY0a3JSMVpaM0Y5a1M2QzZqODVKdXd5MU9teS02VzNfekxXaWl4c1JqbWNvVDhBWTdkQWpBUHhLS196VENULVR3emxRMFNjWGVwbmw0aGNKYld4SlVKMWxlRnFfNGpCdDRNeURBbXo4MG1aQdIB6gFBVV95cUxPTUNNMHkwTzNqRlRUQkZNOWl6QmlPRHRfazV1bWU4eW9iYTA4N3k5a21QVWVrQWpCb2tRRVBvZGlNb0xNalM5cHR1Y18xaXI0azA5dThBWm1HLWxCOXJSc1VfSUMtQ256Qmw2c1A2UUIxTlJudG05ZmN6TFNfbXBPWklZRHZTTVkwVk5KUG5PVGNtRDlDUFZad0hlclYtMmEyZVdVbUg5ZjJSdGgtRFJLUG8yZzg0Q1ZSUmZYQWl2Y0lrTFFzcGNfanhVMF96bGw2OTVfdnJyNkdDV3liU0FyaUV3UnRzWE5uX2c?oc=5,Other,"Police to conduct public auction of seized vehicles in Vellore, nearby districts The Hindu",Vellore,,,,LOW,"Police to conduct public auction of seized vehicles in Vellore, nearby districts Police to conduct public auction of seize",5,Medium,True
5fc5d652c5690ddd,"Vellore court acquits murder accused, orders action against cop, VAO for fabricating evidence","Wed, 23 Apr 2025 07:00:00 GMT",The New Indian Express,https://news.google.com/rss/articles/CBMi6gFBVV95cUxOVHRCZGNtVGpXcE9zc1NwVnlFbnEzZmFCVU5DVG8tSEdia0Q3eWNSaThKWGFBYWpla0RKVjNMU05DNnFpUTZXVDA2eG5HMXhQdXEzMEh1clNEVHdCNGc1TzhzZEpCSEprLTZacXRTamZEYU1aakdOelRYMmNxencxTG5EU3NOZVVMcUFjeE53ZkcwTnZtVVRmUzVOaGJCcGhhWXRxUFV6bmpHbTZDNVVLa2M3dHgydldKWktoRkROaE4tdHBmeVg0ZnBfNE1fTTNqZXdDalI1X1N6NDh6aU94bHAyZmF6R1Z5YUHSAfcBQVVfeXFMTS1yalc2VVV5SnFabHhBdHdLX2dvOWVOU2wzOWt1YXN6NEdaNXNERGRwOXZEbk5vaW0ydmJaaW9FRGpoNFpWb1JkQTFpcEI0Q2VTdDBfMHpsZXJacFpfaWtMQlo3TUQ2NkxZMGxUbDdQZExVb2FEdkltOVowY3N6emJyeDFzWG9RTkhySWNzclpmeFpEeExFbFFqNEVydzF4QTQ2UzNqZndPYUdXZEpzcnVSUGRmT0NnV1JwUVpYNXNGelkwMWVlVFZ2bVFucUx0eDNDR3dHdHhyRERjZFlLQnNlOFh2QmVhNC0tVUplTEQ3S1p3MmxpMA?oc=5,Murder,"Vellore court acquits murder accused, orders action against cop, VAO for fabricating evidence The New Indian Express",Vellore,,,,UNKNOWN,"Vellore court acquits murder accused, orders action against cop, VAO for",10,Critical,True
779b1f0f24729293,4 Get 20-Year Jail Terms For Gang-Rape Of Doctor In Tamil Nadu's Vellore,"Fri, 31 Jan 2025 08:00:00 GMT",NDTV,https://news.google.com/rss/articles/CBMirwFBVV95cUxONWVPZHpDU2lfWVV0WjllbGFxTmJoNzE5WVRsejgzNU9zMDFnS2s5NU9WRmZ5MTJBMjU1V2RFM1JVRWhKZXZ5OVVMU1l1V0J1UFNCWWVoWmt5a2JGenlqYVluUk90UjlFMUtvVV96RW1MejZ2WHk0MnM3TURIMHlzWGRENWt1WkxTSXlaMF82SnotclY3M3l4dVFGMkk4RkoyUGVLTm1WTkxOX2FKcEU00gG3AUFVX3lxTE0tckJRRzNzODJNSUlJNmJCTlR0bEg5WUpUd2h6c3k3RFJMQzFRNHlyQTNLc1NSWDNSOVB1SnpTaU52dDhHS0JjTERZNFI4aGlrUjIzUnVBdzJCZUszenB6WjZGN3lXQXhkRG9iby1sLXZRVTM3WVBZUjVDdVo3bHg3M0kwUDNQQy1WY2JzbV9GdXN4dGdqVDhNOTRrZU9maHgxTDZMQTlpSmxEMFlYZWEwVS10ZEoyQQ?oc=5,Sexual Assault,4 Get 20-Year Jail Terms For Gang-Rape Of Doctor In Tamil Nadu's Vellore NDTV,Vellore,,,,LOW,4 Get 20-Year Jail Terms For Gang-Rape Of Doctor In Tamil Nadu's Vellore 4 Get 20-Year Jail Terms For Gang-Rape Of Doctor In Tamil N,10,Critical,True
8dfbbb16e32e51d9,Two arrested for girl’s murder in Vellore,"Sun, 22 Dec 2019 08:00:00 GMT",The Hindu,https://news.google.com/rss/articles/CBMiqAFBVV95cUxOYWFILUFZYmx6alZ1SnpEcVF6MVF6bm9TMjJuT25HRzhka21PWWd2WGY4NjRpMGRfUmxHV3dDRHQ4d25BTDlCTmViNXBxTGhsa2p4enY0YlZFWnNZWmJkMmpQTE5JV2h1TVV6d0dSVDIzQ1dDcHJiMTBfeDFVVDI0eXNnOE0tdXZpcy0zemtZZEdrdFVwYmZ3a3VGaWU1UUlxcjhQSE1wLU_SAa8BQVVfeXFMT2lrVFlCZ2REV2hxcFFONi13YnhNRkpEZXhPWU9uaU9scmQwNGVJN0ctX3NVVUNLYlVPVHVZOXFpVENnODRYdXROZ2E5U2R1SEx3akRrS2d0NzVLc3F1ckg4LXNJaFEwNlc5cmFxWFNVekFRTG1kb1dud0JMNDR4WUd3SnpzY3ltRWplSWs1N3htWUl3bU96Q1lxU0Fma0xHdl83UDFpdkg2cVh3bVRKZw?oc=5,Murder,Two arrested for girl’s murder in Vellore The Hindu,Vellore,,,,LOW,Two arrested for girl’s murder in Vellore Two arrested for girl’s murder in Vellore The Hindu,10,Critical,True
577e464b3eea9fb3,Vellore man arrested for stabbing girlfriend over suspicion she loved someone else; victim critical,"Wed, 06 Jul 2022 07:00:00 GMT",India Today,https://news.google.com/rss/articles/CBMi2wFBVV95cUxQR011QnlFajRvMjRzWWhENkFGN1ZGZENBbzRLd3hvc0Itblg0RnZZUk9fU1NNOEdMS3FtSGstX2RMeVAxcDRraEhTbFVwMUhieF91OXBQa1pmalZVWlVab2VzM1RVbThNYnZYZjJMMWhHRGJtWER1SGRfbWtJaU5GdWVfdTdVVzhHZFF0MUZSTjdfbER1Q0lUTUFPMHpkTjRMT0otYURGTzZjeWNQa2NDcVVPUEJOLUwtRkVGbFFSVmdiaHUxY1JoREdSZUVqSGJKczRtR1BucXcyVlHSAeABQVVfeXFMTlNhWW5LbjJwR3djOGhYYlk4dDBZc3RRTmh2UHZuVG4yTGNIWGVURC01Tk1ta241aU1NLUdqTGVZODU3bERjTmpGRDdCejNkRWRqdmp1b2d6QkN2SDVNeW5Fel8xU1I0WWl2MnVmdzNjbkphcFJibFJMbVVXTm9MMFNFZVZKcWx5ekQxampNZW9jaHl4Q0ZpUTdibVRSSXRKWllueWY4ZTJWYlltM2RKVjB4NFIyVVdsellMWEpMYktkdzRKYi0xSGQtM3lSNVdiZXNuY0RjRmlxLWptSkJOZ3M?oc=5,Assault,Vellore man arrested for stabbing girlfriend over suspicion she loved someone else; victim critical India Today,Vellore,,,,UNKNOWN,Vellore man arrested for stabbing girlfriend over suspicion she loved s,8,High,True
3d5bf4ccc042c680,Four arrested for murdering rowdy in Vellore,"Tue, 21 Apr 2020 07:00:00 GMT",The Hindu,https://news.google.com/rss/articles/CBMitAFBVV95cUxPR1c4VmM1ZFNmTk9NakUyOEg1ZFU3WFpqckk1LU1jMTBkWnpVbWdkSEEwdU1vZ2kyVE43VzRPWnIxZ21pVWt5NzF3QlVCVVhYZjdoVlNYVVk1WnhfUERWUld1WFlOblhQNVo5TVEwUlh6dlJ0RlVHbU9iUXg4RmlBbWJvRFFjUXlxNGt0OTg2eW9hSEZXbnRyaWRxaFN2M1A4eW5yakFybHRqX3lfMjlFU1RyU3XSAbsBQVVfeXFMUHRvZTd6cER1TWVsS3RHdDFDRmpWc1R0SEZqalU3aWROdmxmMVZ5dnNUS2VCUmoyMk8zdlhxaW1jZHRHZmE0OU03YkRBdFB5MXZXeDMxRC1maEhrdVMzUVdmVXY5Z3FWdlJUTTFWZU1qdElrTmJlcE9fYXktRXE2cXdfRU4zcmNqVzZRb1hZOVpCVHZFcWZqZjBDeHNVVlVSaGhMUmlYQWdlQWVNM3FMQVNVZ0l0c1V4cmJnbw?oc=5,Murder,Four arrested for murdering rowdy in Vellore The Hindu,Vellore,,,,LOW,Four arrested for murdering rowdy in Vellore Four arrested for murdering rowdy in Vellore The Hindu,10,Critical,True
7a99415b150c9379,Two Vellore women lose Rs 16.59 lakh to part-time job fraud,"Wed, 22 Jan 2025 08:00:00 GMT",The New Indian Express,https://news.google.com/rss/articles/CBMivgFBVV95cUxQSngxV1A0UTNYXzFZd1d4TzYxRERPZmlySGpLejZleFJqQnJiaTFVMzFWbGlZNVc4c3h3UzViQlNGR0hIdVdMajMzX09obmhQMWJMbEdTMWlRNS1pU2JfTFQwdDBpcGpxYnZfZ1VmTzNLOGo3ekozeEI0Y0VXbmEwUzFRbUtORGNoT3hyajlqQ3pBeU5VNXkyQkxqdTVLOXpxZ1JWXzJad3dySkp4WnNCM3pMemJRVlZDNm1kdWN30gHLAUFVX3lxTE1OWGdidVphOC1LNG1kNEZldkhodTRieUhtb2s1dWdidUFvakpxNFhkUTc4VjlmNWtTVGR1WFBDOElodTNHTk0zYkE3WWZKQ0o0SmNjeWp2UEdzSkZuZDBMOFloX1ZCZUs2RkZnU0pLUlM4S1Zad2hvSG9qa3JYWndnRDE1QzA0SnB6cVRTM3BQOFhTUENOY29yUjZ6aFBubVFmdk42aE9rcHhhb21lSTh0OVFCc3hoT0lNeFRScV8xZWN0VTZfcFlIeEo0?oc=5,Fraud,Two Vellore women lose Rs 16.59 lakh to part-time job fraud The New Indian Express,Vellore,,,,UNKNOWN,Two Vellore women lose Rs 16.59 lakh to part-time job fraud Two Vellore women,5,Medium,True
85dfbd22ed93c362,"Woman, paramour arrested in Tamil Nadu's Vellore district for murdering infant daughter","Mon, 30 Dec 2019 08:00:00 GMT",The New Indian Express,https://news.google.com/rss/articles/CBMi8wFBVV95cUxPVUxrRTBaVUxmdFdYWFRncVhjcWtTcFIwbjZlWFBHNWhmSzdWRzhNb2pMWGNoaWJGMUR3SzBfMU1jcnRqQ1MzeTNlT19aaHBzMEJZTldzcmlDbnk2Rk5LRUtoWmN2ZnIzX2hKTEtLbURFZG5kOFFZdUkxUERBZTBCbUZWaTR2SXVQcmNxVUFDdVoya3Mxa3B4WGdGVjdPSEpjNWNuTW9MNGl2VnBwUThBaXpXQWFwbkNMaWhaN2RteldDZmdnUjRRUTRkel9OOHFaOGxmSEZjUHRNWm1QM1hvTl82VWNodl92Vkx6eTMwTVpETUHSAYACQVVfeXFMUDRESzdWSlZTeV9VenhBbkxIVTl4UGtwNUhsWDNFVjhoME9IaUlXOWJkTnA3ZHJfcEpRSXJzMndHUFplRlpnV2hTOXIta0QydjJfLWxRNXhhdTJzOU9LSC11RGQxejdKOWZKM1ptSEZYYmRsTG9zMEZ1SnBLV2g3eDBiQTBaQlJnb1o1R0FFbTBlckZpeUowQ2pvS0N4c3JTSnhIZENHQjA0Q1psSFhodUlqellHLXRBUk14V3Y1dG0tVVkza0dhRWtLb2s4d0JrbXJMeGtxQnRtTkwxQmVnQ01jY01MdXFjZnpPeFBVQ3hZWF9uemtmWTBNZ2k0TXNnZQ?oc=5,Murder,"Woman, paramour arrested in Tamil Nadu's Vellore district for murdering infant daughter The New Indian Express",Vellore,,,,LOW,"Woman, paramour arrested in Tamil Nadu's Vellore district for murdering infant daughter Woman, paramour arrested in T",10,Critical,True
cb277e6355e0b791,"Vellore hotel owner robbed of 40 sovereigns; police arrest seven, recover stolen jewelry","Wed, 26 Mar 2025 07:00:00 GMT",The New Indian Express,https://news.google.com/rss/articles/CBMi4wFBVV95cUxNWXpkWFE1anBPR1N4VTlQcHdvTTEyOW5WQTBSQmI1ZWhQTzltZGtHTGw0NUZzRnBpNDc5MGQtVHA4UVFOSlRiY2VxcnlZSXZNRXgzNl9UeGZoUXFQODJLWW5CUUJWQnRUdjJXenFEQXFGYjU2V0R6bVVQNGFscVh4X1hRNnA2Unp5N3YzM05BUnlQelFWMEdZaTc5bWdwUTdqRjVfU25TVTlCUzVfMnBCelg1bDZVMWpSR29wTEMwUUcxYTNaWW1TbVZCS1JDSWNiWFlWX2JLV0h3cC02OHFlOHdGMNIB8AFBVV95cUxQUk93MUlRaUtsVjkyakhlZ2htQ3pLTndheXl6eHB4X1JZTmNlU3pnYlhmMVN3dmdsa3NXcEs2N21kcGl2Z2xpenRWTkl6WnBleXdlVl9HUVpwT0NLNHlpdzRKRkx1RGJ0LXNWOWphaHdLSW0weVZKVE0zRGthWS00OC1OZzRiTUtNanB3S1hDc2o5RldrdzczdVcwb3c0VTRmaXBBZkY3NGdFdHpNXzB1QkEzTnVnaFExektOYmpBWF9wTTBDT1VzeDdrcTJuNlpfcVVNckQ4V0doRzFldldMTHdDOG5RTHhjeEdSSy1rcHk?oc=5,Theft,"Vellore hotel owner robbed of 40 sovereigns; police arrest seven, recover stolen jewelry The New Indian Express",Vellore,,,,LOW,Vellore mentioned without exact incident locality,2,Low,True
15a6a4143a2e8d70,Vellore doctor loses Rs 2.23 crore to part-time job fraud,"Tue, 11 Mar 2025 07:00:00 GMT",medicaldialogues.in,https://news.google.com/rss/articles/CBMisAFBVV95cUxNU3RjV1RGOVBLU2w0V2NlWkdJaFhwTjY0WHgySVZKSnl5cm5yV2xZSUhTbW5QNThxWllmbWZWU2YwUUU2R2ZRZWg2Znkxak5kLThaUW4wcThlMml0cWlVUl9CYUIxNkVnOHBxQlZpZHlMa0xGSjFPazU3NW96T0FzSkhuNmZMR01ualdKbTJ1eWljZl84MG9FVG4wQXVWNmcwMkZ2THg4ajNIaGJndTN0SdIBtgFBVV95cUxNUEtEZXMyXzN2ajVXRWpMUmpFUEJrcEJlY1N4Tjg2aENfR1VkTGoyZFlLMnlPeU1PS2lienhscm0ydnZXTGxGQnhrUVdENm1ORFpRM3g5R3ZuajVfZW1oQmYwZlVnT1VLQmh0TWlpYWt5U1Q5UGQ0eFhFQUYwWDlyZXZ5OEc1ekRDVFhhNk93ZTlucXVWeXdiU2NSN0ZBVE5rVFRaRjVMTWMteUlaM256bU9CQldnUQ?oc=5,Fraud,Vellore doctor loses Rs 2.23 crore to part-time job fraud medicaldialogues.in,Vellore,,,,UNKNOWN,Vellore doctor loses Rs 2.23 crore to part-time job fraud Vellore doctor l,5,Medium,True
ff794779b83e1e2c,"24-year-old TN woman allegedly gangraped in Vellore park, her male friend attacked","Mon, 20 Jan 2020 08:00:00 GMT",The News Minute,https://news.google.com/rss/articles/CBMixAFBVV95cUxPOG5rSTQ2WndaenlQbzM4MkJCN21JR2ljYVF0NU13NlpNQi1wUjVZZFlkdFNYSkFwcC1TNS1sekdqeGg1X21taDcwU1JrYWJtTUtYbVppRHNWc2JiRkRvTW9rWUp6WE1NNWxPWDZBa2luTHZqUldyTko1YkhPQ0hBTUduMTV1dUJoV08wSEJOVzBmV1dOcnZ2M012VDY4a3c0SkdOSVZuTnBYY2dyNjN2RVEtbTVweXltMU9vMmdUZGFVYVRN0gHSAUFVX3lxTE9ldVVHNnJPY1EySGgwUnQ2emV1OHBhaXlkUzdtY1ZTUHMwUU9Ba2pyVXRXT3A2bGpzc0dxaW1HYlhvN3kyd3dQMEhxYXBuQ3RrX2phRzcycC0tSnBxRGYyWkJ0ZjhiMTRlYXllbUIycTF4Qk9qUWZTQ0htWUZKWGtEY1JBa3FJaG5hZWhMMjBLZGJZMDV0OHNFdGdxa3RSQ0FqN3FUYm13UW52cnppUTA0cUx1UjlRalVCcHZLczNVTDBrZmUwUXg4WGxWRnJ6bVpNZw?oc=5,Assault,"24-year-old TN woman allegedly gangraped in Vellore park, her male friend attacked The News Minute",Vellore,,,,LOW,"24-year-old TN woman allegedly gangraped in Vellore park, her male friend attacked 24-year-old TN woman alleged",8,High,True
5f5fc0eec9f089bf,Four get 20 years jail for gang rape of lady doctor in Vellore; 5th accused facing trial,"Fri, 31 Jan 2025 08:00:00 GMT",The Times of India,https://news.google.com/rss/articles/CBMi0wFBVV95cUxNZm40YW5TZUU5V3gzMnNIMm04VS0zY0NaTmJqdVA4enFsWXAzNVJmRmZ3T2lqY19SZ2tZUHNlTnh6QUpabERxRUV5cmx4eGJUTVNENE9yallnaEhUbUd4QUg3eUhSVi1KcHFsSmMxUy1rVm1zUnNEaHpmT3R0eldHS0RJQ0Q1UXVuaFdPUkI3RXZNMjRCQXZmeG1LNzlTdklfVnNWQmJteUlEMzhKZHhYZkJkbkZsR0QyLUFGaG9hOEpvdWZWbklPd1F6NXZZUEE5Ny130gHYAUFVX3lxTE9TUS1oYlZpZWdmQ3djQjA5RkhneEg5WHM1bm9fTDg4M3prQ2ZQRW9QczRrdGZlcTRtN3diNE1GSXk1b3g5bW5UWDBCVUFQNU9udVY0WndEbWFIczEwWVpxdmxZSWFvMGc2bmwzenpFdDJZVEFKeGRvZzROUFF6blZ1OU92WFpxWnNSX1JfSzllSFhmaUhiS0NobjFUeF9NcUQxNUtFVzBhaXIwMnhaal9fQVByUkhtSkk0YkxuZk5DSi1HRzNXcUFEdjBNR0haQ0NMTzYyYVM0VA?oc=5,Sexual Assault,Four get 20 years jail for gang rape of lady doctor in Vellore; 5th accused facing trial The Times of India,Vellore,,,,LOW,Four get 20 years jail for gang rape of lady doctor in Vellore; 5th accused facing trial Four get 20 years jail for gang r,10,Critical,True
67beb883d30253f9,MBBS seat scam by pastor: Parents taken to Vellore Medical College as part of fraud; partner in crime disguised as bishop,"Mon, 25 Nov 2024 08:00:00 GMT",Kerala Kaumudi,https://news.google.com/rss/articles/CBMi_gFBVV95cUxPLTFtSV9oSnJieEYwaG5YOXFJNDBUOS11MHlXTkliaDl0aTktR0RkXzk2NUNzNnd5dWZRYkxYbmRNWldoLXFjellDYmgwOE5LX2dTZU41UkptaGVYSXBTSDRKT1ROSkxYZkgxZ0I0RXRFMENWenRjcXVzcmpyMVZobXVONEhZSnhFYkE3OFZMSVBnQTFWa09lT0hFZTV4Z00wTTYtZTBXZ3I0T1BLRFdJYzFzVkFRZ2ItbXp1ek96aHN3Mm54OGgtLTQ4RGpJSHVaX0JDT3lwbXBFckdLaHJoUE10Si1HMVI4NHhFaEgwLWJRM2tCM1d1bjAzT1FUUQ?oc=5,Fraud,MBBS seat scam by pastor: Parents taken to Vellore Medical College as part of fraud; partner in crime disguised as bishop Kerala Kaumudi,Vellore,,,,LOW,Vellore mentioned without exact incident locality,5,Medium,True
9024cf888b9df063,Vellore Doctor Gang Rape Case: Juvenile gets 20 Years of Imprisonment,"Thu, 20 Feb 2025 08:00:00 GMT",medicaldialogues.in,https://news.google.com/rss/articles/CBMiwAFBVV95cUxPM3hLaXh5M3J2V01wLXBMS0lxenNQZUZ3V2kyQl95cVh4ZWZLaHp6d2dGYjVOeUtlZnhOb0VWTEN3RHMtY3VWUXJoSUJTRUh3NEQ4VVdrcVFzODEtVkpqMXRHUW0zWjJNMXJLVEdhaXRvTko0SVFRcnlORmE4VnRQZVRJSTgyand2RDhMYzg0SWlrYzBkeDFxMEZVTFdhOWhPVnlEUzZ6djNnal9rVW5xV1JYYzRocHBkU21pX00zQVXSAcYBQVVfeXFMUHZkbVNhVElGTldaMW5mNVMzeUUxOE1LQ21GaFhNcFBrNGt0QXpMSEx1eXdvempsX2EzU0cyUFNsdDdLTlJHcEhtazdUZ0FXMTN1cUZBM1RzVm5wc0dUSXdHSWpWQjRJRjF5QzdZTnFMeWo4ME1MLXJ0ZE1fTlBGVEN2RDYxLXFTOUszNmtDNXRxM3ZHMm5GRzBCekxuU2RDVXgySld3RzBMVllmOTFNTXg4dTB4ZFJIeUw1aDdzenpodDJyeVRB?oc=5,Sexual Assault,Vellore Doctor Gang Rape Case: Juvenile gets 20 Years of Imprisonment medicaldialogues.in,Vellore,,,,UNKNOWN,Vellore Doctor Gang Rape Case: Juvenile gets 20 Years of Imprisonment Vell,10,Critical,True
0d54a173d1610095,"Raped by father, Class 8 girl delivers baby in Tamil Nadu's Vellore","Fri, 05 Aug 2022 07:00:00 GMT",India Today,https://news.google.com/rss/articles/CBMiygFBVV95cUxPMlo5aW9WMnJILTB4NVBZdjdkcTRhWWllTjZIQUZydTVaczRBT3d1QkM5TThhcWJIb3lycmNFdU5oRDh2ek5WWHZGb29HTFlxNkxzcDNOcUJjY19pYndLdGtKMF9pRFRubFhJRU1TNDN6bHNpQW5SMnV3SXRlYXoyWkE2RjBVa05yUjNfOFMxVURPYzNXeDhWdXlVOHAwWWZ6eTJHVE13NjhWSjh2b2dZZjh5X2JlMGlwcDd1czd4TTI3YWIweHYzUmZR0gHPAUFVX3lxTE1PWmxrNUdjN2h2UTNDVHlaOUVIQ0lnRWJOaWZxODhsSFRxcGNCMnVjQlZ5UWVzOUdlblpQbHVXeDY4aGpJeEozR1lzM0NkcDBVQktzZEFqbnF0TW5JMVRNRDZUbGtiZFhSQVVMUkwyd2R4TmszSUdLN1BYYkh1M3YyZmNFQXpTZkdmOUlCdDNyLTRqMUFKMUpBclFJdDJZdXFPVGVMNU1UcGZzcHRLOU9RZmJVZEVXZjNIN0NzdGNuT3AyZ19NM2VoTVNDd0dhcw?oc=5,Sexual Assault,"Raped by father, Class 8 girl delivers baby in Tamil Nadu's Vellore India Today",Vellore,,,,LOW,"Raped by father, Class 8 girl delivers baby in Tamil Nadu's Vellore Raped by father, Class 8 girl delivers baby in Tamil Nadu's",10,Critical,True
4108055fd7377ce4,Illicit affair leads to husband’s murder three arrested in Vellore,"Fri, 03 Apr 2026 07:00:00 GMT",afternoonnews.in,https://news.google.com/rss/articles/CBMioAFBVV95cUxQWnZHQ082VUZEM3p0b2Y4Mmg1ZFJMdzBQenRZVDVydzNQdUdhSnFySGNDdjZ4QXE1QnBoN3Znckw5a1hWQ1VSX0k2Mlljb3k4NktTcm9VU2JsWHVWcHo0akIzcUNwY1FIUEJyNXc0dkpXUDBKaG9lS180ZmRzVm9sel9CVDhaVmJuT2ZJMjQ2eXROU01kRjR6amlRNURieUdy?oc=5,Murder,Illicit affair leads to husband’s murder three arrested in Vellore afternoonnews.in,Vellore,,,,LOW,Illicit affair leads to husband’s murder three arrested in Vellore Illicit affair leads to husband’s murder three arrested in,10,Critical,True
e8e83e2d4f7f707f,Young girl murdered by boyfriend in Vellore,"Thu, 19 Dec 2019 08:00:00 GMT",The Hans India,https://news.google.com/rss/articles/CBMilAFBVV95cUxOS1Y5SmFJVlJsZnRnY3JHS1piMnA5X0I0X2pRNU93OHNURUtQa2I5M3NyTFotMUhnUjVQbEdTOGJHMWM5VWJtMVl2dnJaT0h4ZzQzQmRGbW1PZ1hPVDdWYXBsZmxnTDFkdHNhdGduZUdWQWF3bmZLX203OWpjOTRZREdVNVdWdGctVGlPNHE4V24yQnlV0gGaAUFVX3lxTE5HUGF4VFpWUGhnVW5SWmZPSmNxQlZ0ZkNaVUVEWkU0Y2pLdnp5d2JIVldMck4zUTNhWjQzSVJEQ05QczNSdHRza04wRDlOOXJDeU9nN0JKQ1pHdWk0Qms1M2ZaT29FWXRuZzk0VTljeU5QY0lUMmNEN1FRbUN6MnFhcm96M0RlYzJraTlac2RGajJhNU9MeEt5TFE?oc=5,Murder,Young girl murdered by boyfriend in Vellore The Hans India,Vellore,,,,LOW,Young girl murdered by boyfriend in Vellore Young girl murdered by boyfriend in Vellore The Hans India,10,Critical,True
aa4d23a7a7d23bb6,"Jewellery Shop Robbed In Vellore, 15 Kgs Of Gold, 500 Grams Of Diamonds Stolen","Thu, 16 Dec 2021 08:00:00 GMT",timesnownews.com,https://news.google.com/rss/articles/CBMi1AFBVV95cUxPQmRPdVZDc3k2YWQ2a1l1SEZ0MFg2dmJxeTV1c2gxWk5FemlvQzdhZzExQjFSZkcxUTlKVThlOVJSckpnLUprT2VxcXAzUHR6RUV2XzV6ak1tOGhydDgyNEI1aC1vTVgwWkVlZk1hUEZpdEZXZHBzZURjZEd6WmlURjd5aEZiU21hcDVmdmFnaTVoUXdoTWZJT0M1bjBDeEU3ejFOcFlYX0J6cnZKR3VBQmQzMmJHNnFwR0taUXhnakxPZV85dU1EeUpEaVk1V1hBcHZETtIB2gFBVV95cUxOcm05dmV3bFFlRmRreDFrTm8zZW5GVGdqdXBPd0J3Rm9tS0gxT1I1MlAxNnhMaXFoRThYYVg0QWZDR05HSlRCZDAtcklLQlZJQ2hVc3IyRjNWVVF2d1NNNEVwZTJKZzkxZVlVeXR6d01NeHN4MUc2VElidE8zUE1vTUt3c3hZVUxmaHhKN0V4cUM3Tm5kTGY5NjJvN2c3SHNLZlJUblJydnZ6ZFBlY1RBcVJJMktxaXpRdDN5ZVlXVFhsZGVDMmhJQlJadENtVmpOZHNPQTlETEdiQQ?oc=5,Theft,"Jewellery Shop Robbed In Vellore, 15 Kgs Of Gold, 500 Grams Of Diamonds Stolen timesnownews.com",Vellore,,,,LOW,"Jewellery Shop Robbed In Vellore, 15 Kgs Of Gold, 500 Grams Of Diamonds Stolen Jewellery Sho",2,Low,True
12f0ecd5fd335f89,Woman held for death of boy in Vellore,"Wed, 17 Jun 2026 07:00:00 GMT",The Hindu,https://news.google.com/rss/articles/CBMirAFBVV95cUxNdl9KQ050UG40TTV4YlBnWDU2bjZMN19BTWNNRUdXRVFpVFhIRWktdHlySHFHMVFmVEF1ZDJWazZDN1R5bVdCbWk0Vi1rZE9oYTY2OFp6TUpCOVFsSmdwTVd2M1FKT2FlMDB4dzlteHM3WFFpWk9GeGZ6cnI3MVJuY2Q5d3h6MTNQTnp1WnlVME9jeFc1WG8xdWREVDBpLXhGZDBCeHdpMnYyeC1w0gGzAUFVX3lxTFBKcUlpZ1ZySHl2cDVSck9PUkxuWjMyTmxBcUI3U2pydWhGN0NUeG00SVdzM1V2Ynlaa2hSdklOYnd6bVM0ZDVXbU9tZGNaaG1wNmtRTWhSZTVBeEtUNmdnT2hiWHl3dGNRMkpERTR0NVVkaWJ2VF9VOWZsNGhvT0FNcXAtOF90Q1pkVV9QYURybGNuOVRiM2V1T0hfQ2lGRTFIZWJ1amt6cnRPU0lrRVNZVkZB?oc=5,Murder,Woman held for death of boy in Vellore The Hindu,Vellore,,,,UNKNOWN,Woman held for death of boy in Vellore Woman held for death of boy in Vellore The Hindu,10,Critical,True
1bcc2d5b6deec028,"Day after six-year-old found dead in Vellore house, aunt held for murder","Wed, 17 Jun 2026 07:00:00 GMT",The New Indian Express,https://news.google.com/rss/articles/CBMizwFBVV95cUxPdkJYbzY1MmpJc2ZtRzlBT0ZGWFlrMHlTYzVHWWVubE94eUJxa0NnQ3BjNjFvOUNzMmxJU3dud1RxeEkyM3NTTTVJUEhWd3I5Y21rUkt4SnhJZ2lGMVYzdV9rNC11ZW96Mlk2YlRBaGdSX1NrX0RtU1lfMUFtc1hLeW5oMjhGNXNzZGZzeXRZeHZrYmJWUkR6aDN5WVVKUW5kbTJqcnExN1V5bUZmNG9iOGR0UG4wT3NKbFNodlRCMTdmNFZyRHRJTVBwNC02c2fSAdwBQVVfeXFMUERSU0hpTXRqcW5ObGdpeFE5RlF4SWlvbFR1a2MwLVNaZE8zdERMRmVmQkVpM1FySzZHRE1qb3FtNmJnVVFOcXk4RU8yUXZVbXl3cWcwSXktTmZWRU9JaGZyaTFacVdzb0pRTFZjMHRUX25rdGhHOF9pMGpwb1dMcnZKV0FySXVVTzNEODZVZmhHRWFoYmNjM2RPOFhQY0JBb2lfRzJMNk9CZUtlZEh2al93OFBiWFRtMVdYRnlmOFpBME14Nlk2bDkxYWZmYWRSR015Qmg3c3FWNXdJSA?oc=5,Murder,"Day after six-year-old found dead in Vellore house, aunt held for murder The New Indian Express",Vellore,,,,LOW,"Day after six-year-old found dead in Vellore house, aunt held for murder Day after six-year-old found de",10,Critical,True
3f3aa2af4f018c8d,"Man, son held in connection with death of farmer in Vellore","Fri, 03 Jul 2026 07:00:00 GMT",The Hindu,https://news.google.com/rss/articles/CBMixwFBVV95cUxNVzBZWVprb2RWZFB1SHdGcGF0SjZsTlJYUlBNaTdmNGRzTHFPWE5oTkxPWWtYQU9vVUxScTFDalJCOTZDMHlLcXlWeUZ6YW93M1h2S0lic0trTW5UbHBGSUIxM3ZOTWR5ZjBWWUxCYjVzRjNvWXJBQmNXVGtzNVNEOXcwaldoTGJpc0JRVUoxTVFmbV9lcEF1SUpOaGNhTXZlQ0RBMm9JUWJ5N3I5ZzFBMXVVNTNqWmNudGlyT0kzSkg4Sm8wOU000gHOAUFVX3lxTFAwcDVhWDA2MHRQNnZEZU9ac3Y0TkFLcGNLdktubDJISHF1c2dkWUI2TTJuTER0a0NOYm02c0JINk5KZDFnM2JQUnVuSktNMjBoSHNtSFVZU0JYa3hNUW5FaEFRVHkxeVdlU0NObTlGZkJQSE1fT01sREhiY1NmWk9hcHBlcS1GaEFENVk3MVdtZmltYjFoU0VIc0VqMFlvVElOa3pzU21Ed3hNY1c2ZkJudVBlSzVnclBlQTg2eHY4WHI1alprYURjbXlPTEFn?oc=5,Murder,"Man, son held in connection with death of farmer in Vellore The Hindu",Vellore,,,,UNKNOWN,"Man, son held in connection with death of farmer in Vellore Man, son held in connection with death of farmer in Vellore The",10,Critical,True
e564f37ffce4ebec,Autorickshaw driver held in Vellore over murder charges,"Sun, 03 May 2026 07:00:00 GMT",The Hindu,https://news.google.com/rss/articles/CBMiwwFBVV95cUxOa0huajl4Y184b29pcXc1ZWRmeXN3XzB1UXFjVUN0bmZteEowNHh4SWNNVTY1NldERHM3aTNfbmFrd3Y0T2VHQ1RVRkp3ZlNGeGZGcVBlRWRfSlBlQjNqLXhzZmtvZDhVR2kyaHFueGNlc1F6ajFxcDBFVnZWWUVzNFF6R0RianpxUHAzaWdnOWN6cndLUkZCVDZOVHpDYzJpSS1URzFsSUlEdmdKa0lfQ0hNRk1qeXJ0T0VleUJBc1VUSjTSAcoBQVVfeXFMTUpHelN2ZFcwRHNJTEZzQ0YtanYxVWRPa0JsRXdpT0w1QVlVOTNBQ1FfdzZpcFBiQmRLNDBkWmxJTzhXdGR4a3FFWHJubklQUV9mVF9qMzJYS0I1b29oVjVuSUdsaHhueTRhU1Z2U3dXTXpjbFRWTWJrS0tqbmNfWWhwenc3TUx0aGZwM2k5MzRhU0tZUjN4TEQ3c2c2cnItMXlydGRiZ3pubjA1NGV0UmlBUXNhOVl6clF0VDNiS2poRnUtUF81TDdmQQ?oc=5,Murder,Autorickshaw driver held in Vellore over murder charges The Hindu,Vellore,,,,LOW,Autorickshaw driver held in Vellore over murder charges Autorickshaw driver held in Vellore ove,10,Critical,True
b20634a92c8a4b52,Teen beaten to death by classmates in Vellore over suspected love affair,"Sun, 04 Jan 2026 08:00:00 GMT",The New Indian Express,https://news.google.com/rss/articles/CBMi0AFBVV95cUxQdm1TSkIyeHRSU0ZkZHNKWU1Ka1N2QlRBRU5HbDhDWTVDWFh2SzMxVmVfVXBQTFRLQkZWMUZYVVlUakRFWjVsWDFZU3BRSU1Td29ZaUFWQzUzMmtTME9ULVExY0VadTNEb1hkZU95aGdObTFXUjV1Y1Y1Wm1wajBLdmx5UVBqSDgzLVUxV0t4M0t3dWFlc3lIOU5yc3oyX280V2Y1UklYaFF5WjRmUTQ5UDNTUUlCWU1kNkVROHRFRW5vUlNpSnVKbWo4b25yTWJG0gHeAUFVX3lxTE9vZFRybENNdGpBR0p0dG5Sb1FJSlVfVWxtSHJ0SDZFdGxnRFg1MWFqNTEzSW9RT05saTR0T3dKMnNmUk1NWGZ0LVNScXkyX0REQWRtenpXSGcycENiX1RRSkNUZ1dwZnNOZnJTQTJyMzZHVE1TbVh2anpvU01SMzRmdHE5bnJvYkxPV1pjR2ZNbFZ2cDdiZEw2RkxlNUhISTBUMUpQYlNmZkVkU2Y4TDVoVG1Ca1pfcVdkNGZhZ2Y5NWpvLWFBWmJneTFnTFdoUE9SQkt6aWp2cWl5c3l0UQ?oc=5,Murder,Teen beaten to death by classmates in Vellore over suspected love affair The New Indian Express,Vellore,,,,LOW,Teen beaten to death by classmates in Vellore over suspected love affair Teen beaten to death by classmat,10,Critical,True
7f8d8bb99a06b88d,PMK leader murder: Two PFI members among four held near Pallikonda in TN,"Wed, 10 Dec 2025 08:00:00 GMT",The New Indian Express,https://news.google.com/rss/articles/CBMizwFBVV95cUxPWldqTnJSOHY4R2dabC11cWNoUVdpeC0tc3YtaTFzZ0pOS1FPRmFveHNyQl94TGtWd2ZkOWdVT3JjeWpLZXZFRTRWQ2pLenJSOXFVeEJ4cE1HLXk2dGhma1NxdUt5UGQxbXFVX21UWjRWbURNWU44R3I2aVR0M2NISVFsTVdmSlJxMFpMOXRpSHFtaE53Mm1RZ2FXcFVvUGVkNVNPOXlSYkI4elBKTG1pUVBQaUpyalF2c0F6clJHUGhXNDN3bF9lc0hKVTNWOW_SAdwBQVVfeXFMT2d3LWlxZGRqNGJESHBhMWpwNEJvZ08zSkhQNlljOWpoSWsyLXBmNzBFOTkxRTM1R1RxWmVjTFdTZE9lQklHNlhlbUE4a09YWDVUWFhNQzVzSTdINDlla3ZHWDVQMDE4Wmd4WUhBczBRZlVOSkZWQmVVd1FuVENXOGQ1UlFZdVhfWS13cWJBM2xEeVNrcmVxQ0xZaldMOG5ES0xvYVgtVlpTZ3l4QmNDT1JlTjhtNzVDSVN2bzMxZVgwS29WcXBCSk1XTUlNUWxHSGstbWttZ3RnTVo3Uw?oc=5,Murder,PMK leader murder: Two PFI members among four held near Pallikonda in TN The New Indian Express,Vellore,Pallikonda,12.905489,78.940936,HIGH,PMK leader murder: Two PFI members among four held near Pallikonda in TN PMK leader murder: Two PFI members among four held ne,10,Critical,True
b6ca755e8b3b99fb,CMC Vellore organises candle light march over Kolkata rape-murder case,"Fri, 23 Aug 2024 07:00:00 GMT",The Hindu,https://news.google.com/rss/articles/CBMi1wFBVV95cUxORUJ5NVlabmswdzV5OWZ0cTJjQzAyUXI0Y0VXLU1vWEJGRlgwcmwta3BYM0Y1Qjk0ZTZGYl9EUThGSkRYei1EX2ZfdTNnU3YtUnpzQkJaTUJkVXZkOXhKdmRxTXBUWDB0TkNGcW00TXRmQzh6SEJfanlhSnZVd3NmV3J5eVZFT2V4LUdYVUdnLXN5QzR1MHFZdXlYa0ZuMDB0a0RiQm40Y1BSN2Nfd0xneUNkOC1QZUY0OGtNTGtUaDNBZjctVWxBdlFpcnRzeWp0ejNPVjFyRdIB3gFBVV95cUxNT2pwa2ZKTFVjZzJvVDJPTktLRE5TQzNjQ1I2Rm4wM3M3VVhvSDVYbE5jdHBCRDFDSVZVWk8xRGY4NkpCdjBadGNPTlBrMTB5N1N2eDhuQjFrWGJ0Tl93eU1tTi1sa3VCZXdkdnJKWlp3dldtMHI4MzhFMjIwT0xnZUl4b1ROb2ItcXhsLUtQX3l6RjJIM3NQR096TEc1R0JITGNYeXFEOWJBNXpLT3hpTC1PbFItdDdJc3lWZGFjdTdGWEFnREhCM2xzTW02ek1Qc0llZHdOQVc1ZUJFOGc?oc=5,Murder,CMC Vellore organises candle light march over Kolkata rape-murder case The Hindu,Vellore,,,,UNKNOWN,CMC Vellore organises candle light march over Kolkata rape-murder case,10,Critical,True
4d64ffa90e05a986,CBCID set to crack Vellore murder case,"Sat, 03 Aug 2013 07:00:00 GMT",The Hindu,https://news.google.com/rss/articles/CBMiqwFBVV95cUxObm5OQWg4bllPeDktNXdMOXRBNzFpY0prVjVMYW5QdGZnQ0RtdnpMT0F0bGQyZTVOMGE1NDBIOElIZl84NVVCSTBMOUtnWDZ0TDkxLXBxS1hQZjBuMjU2ekF0djh6OVNacUNsZmtmNUJhZVIzTlhwWDBVcmdwOUJoc2dXQnREaVd4WERfcGVkMVNqeGx6MDJmd3BpYnlaSkp5VW1HdHY5OXZwc1HSAbIBQVVfeXFMUEluZndEU1ljWHJDamQycjZrMWRjcU9zNE1sR0VvVFdfSnEwWUNpcTd5S0tPTWZITkdsTjJhSHBDMFR5N29SNkZmYmlVRVRNTnlkdmZPWENCblc3N3JHT0hDX3liUVhkZnh3V2lfbk41TDZ2VmJ3RHRiaXAxc1NQMVloOVNBLXpacmJqZ0gtcTRLQXNfMm1kekFDMEFhQUJYTDF5dTVnYXg2MlVtY3RJNUVSZw?oc=5,Murder,CBCID set to crack Vellore murder case The Hindu,Vellore,,,,LOW,Vellore mentioned without exact incident locality,10,Critical,True
b0257376cfde7850,"Three, including warden of Puzhal prison, murdered by gang in Vellore","Wed, 09 Dec 2020 08:00:00 GMT",The Hindu,https://news.google.com/rss/articles/CBMi0wFBVV95cUxPbjRtZDBSTDE1N2FEaHU5OEsxSk1kT1dyV3BKTG5seUsxWFFjLWducW1DaktmbThCbTFXZnNGTjRLUEpaWk56VGtWR2pwQXJsd3RFdG9reS1KRFlYYmVHMF9oR0F2ZjlheEUzTXAzNGFtWmc0LTZIYzRpWk9wdEs0WG9kdjhFNFVXSmkwZU5vYVJWT0w0S2ZzWE50clJ3N3VvazJwejFoUmJFYXYtNHpLOTJRSTg2ZDh3bWc2YjVqNmdKM0ZicG05WEl6eWMyVno0TUl30gHaAUFVX3lxTE5XRXJ6YlkyMUE1ZW9YVmJvTU5jcnlXVFg2TldQYjhGTXc4eENESDRPUlNyODdlY3lNWEZkS0prOWROYWRMQU9BTjhBVnNaVnkzdG9veDNubmd5dDltampHTmFTOUY5R2hNS1d4cHFvTzR2NGtKVGV1WDBXTC11b0xKWkFDQVpuUlV6N3dDVno1TkFpZGlZTktleW9UU1I2bi1uTzJhaTRabS0wY3BEd2ttQks2Ul85bTAwQ2E0YmNFanBiMWlvcVJ2VVRDTVpOV0w5LWZPVHVzYnRB?oc=5,Murder,"Three, including warden of Puzhal prison, murdered by gang in Vellore The Hindu",Vellore,,,,LOW,"Three, including warden of Puzhal prison, murdered by gang in Vellore Three, including warden of Puzhal prison, murdered by gang",10,Critical,True
1313b6cced590ac8,"Woman murdered, hunt on for killer in Vellore","Sun, 19 Jan 2020 08:00:00 GMT",The Hindu,https://news.google.com/rss/articles/CBMitAFBVV95cUxPcEQ2NURmVU5zamRTWEczbkdyMVlVZVBOcGNzalgyemd5dkk0ZXdEQnh6NzVsVlkzQkhPTGpxek1aM21GaDFYQ1BhRXU1T0VoX05rVUN2N0pxNnNuUVY1ajJZNGFPbHMwb3NMZ1U2ZExObUg3MlR6Tm9odTBQTWE3RTN1czlpQlBESXdTSldFSmcwMzg2X1otVjlDR0N2ZFphem5EVEFXSjN1X2ZCa2N0bEx0Rm3SAbsBQVVfeXFMUDVPNjNsTHZnSi1ZTGJaNWx2SGZvMVEzdWlKWTRlM2F1d3FQaFd1MWllSHc0aVBkNHpkcFk2akVfaGFHc0p5cXJtWGdtd3U1Y181bDM0cEp2bklFZVktX2M5SUVkQWZrZ24zVzlTeVFzRk82a2hmRHhZaGpvZmhTb0lYUkJIU3J4a0h5bEdTb09DUHlScUxQSUVFMGtWVnJmYk5TYXZqa0RZWXVjZkt5QjZBWVdBUkxNeDRvSQ?oc=5,Murder,"Woman murdered, hunt on for killer in Vellore The Hindu",Vellore,,,,UNKNOWN,"Woman murdered, hunt on for killer in Vellore Woman murdered, hunt on for killer in Vellore The Hindu",10,Critical,True
eadc07ef3fffabb9,"Doctors, nurses at CMC in Vellore, Ranipet wear black armbands against Kolkata rape-murder","Sat, 17 Aug 2024 07:00:00 GMT",The Hindu,https://news.google.com/rss/articles/CBMi7wFBVV95cUxPZFZ1d1dZMkhvN1h4V2dETkcyX2xBZFJIYkhaYlRIUDNuT0EtZnRJZW5WWDZycjVrWGNVX0cwajFCSC1KSHREdC1hWUtKRWdfN3o2cUpMMHlmMTRWeXpkMnJfWlZyUUhCX0tXLW05TlJqM1I3ckFmc0dIczZ6aHhkTFgwZWlGYl9BSXhkdDc2eW44SDU1S1B4TTF5UXNLeThvdnpJLV9DT3QzY2ZxOUMtRkJneHFfVmtfOTdwVWYtbm9mNHdGTmxIQ0RWcGNVR2tZU29yZXpOejBTZ0NjQnZ1cWlqSno5NG5sbU9FTnNSMNIB9gFBVV95cUxPeVNIdVdtTDgxcE5vbXZONWtEamNlZ3NUN0RPQk56cF95cm5VbzJkUTYyeXp5aVQ4NkdyNHNLNE1OR09rdHhORHJEV0xHTkNBWTVoLVBTV3ZWMG1EQTFER2xDLTVhVUF0Ym9raHVJNkhPT1d1ZGU4Vk11LW9reVFtZ3laT1NvX1pCeFJQcG1ETEVZa1pzV3dmdXJIZ0w0Z0MzMmlKUDFEZHAtOEJNbUcwNENWUTRHNGRxdlFaUmRVczhJOUtUMjB1NDluRGhIM19pandoanFRcG4tYm1IcXBjNVZ0V1pZNHdpaUc0NjVfN3gxd05TTEE?oc=5,Murder,"Doctors, nurses at CMC in Vellore, Ranipet wear black armbands against Kolkata rape-murder The Hindu",Vellore,,,,UNKNOWN,,10,Critical,True
6be1b4d85a5e5a20,Dalit youth Gokulraj murder accused Yuvaraj back in Vellore jail,"Thu, 25 Aug 2016 07:00:00 GMT",The Hindu,https://news.google.com/rss/articles/CBMi1AFBVV95cUxPLTdrN0RpOURWZHZfakNQcEUyWVMtVTJXWHpCM2R2QVJlNFJ6b3o3NnY0MW5qOVZGSU1vcjdBLUt0ZVExMVl2OG5QLXllWGVnWkM1cmEtcFVDSnE1ZnBiOF90MjkyMlA3eVFDRUZ4bDUwZHpMamd4NlBfcGlabHR3dWZvaVVCNjB2cEZIcjE5bm1LdlNUT2ZLelBKTDhleWdtWjlmeG9JWDMySkt3c0hoSkFwUjFQOHZQSHpKSUEyLXNKMWExMVFjcVRQX2hqWmpEdFktNNIB2wFBVV95cUxOYnRNQ3VESjdwREIxcU53X3VBc251ajFJZHI0bUhVR2F4SFJZdGJlZ0tDOGxRNXg0UzNiNldVaUpDVE01QkNzclJkeXFCVE5GcUZPU1hhMVNlNDdBRi10Q0xxSXF5eE9ROVREcUxzWHZMWXJCTXRJQm96S0Fkc2NMVWhzSDBuX3dLRlZKVm14LUtuYlRrVU1uV2pCaTg4djJLamNzNnpLSHp3MUZaMnlRRThJNmxjeUVLaVVFMEhJcnFheFhPVGtUeHpOdE1vb0c0REdBa0txYVlySlE?oc=5,Murder,Dalit youth Gokulraj murder accused Yuvaraj back in Vellore jail The Hindu,Vellore,,,,UNKNOWN,Dalit youth Gokulraj murder accused Yuvaraj back in Vellore jail Dalit youth Gokulraj murder accused Yuvaraj back in Vellore,10,Critical,True
b6344c28f3d05966,"Man murders wife, her partner in Kallakurichi and surrenders at Vellore Central Prison with severed heads","Thu, 11 Sep 2025 07:00:00 GMT",The New Indian Express,https://news.google.com/rss/articles/CBMi-wFBVV95cUxOOGQxQ1h3ZXJNT3BFT0hXSlFjNVdPUWRPcHI3bDd0RmpITGNqeDUxbHR5bWRCTlRNUUlWdVZ6TTdZaHI3alpnVVpxOHZYWkh4NFJva1ozTVNIMy0yT3U4S1J5WGhfblVTaW9GMW9neTJmYXI1YUlyUzVXY01EN3RQaFFfWmpCNU94bkdpTFRtMHMyVkJIcVQ5ZVdYYWQzaHdWRkpNWnpTOW9ORy1GampHVmVlbmpuMExWQ2NoTlJWVnRLZkpQTVprNWc4c0lzT05pbDRDbzBqakFvaEFpLW4zNW9MbG44ZmZsYmxJc1JrLWgwOUFJTk1VN1NuUdIBiAJBVV95cUxQVW5nMnFMZVlFWWF6UFpTNkVaMVluV2sxcVJDdnNVajAtQi03VlBEaE80OU1BVnMtZGV5RlZXM1hXMkYtbGZHdV82Sl90czE1Skg1azk0bGU5RXQ0RDlidzZzYlZseWdZamdFYndMNTBURkNtb21aSGozdmlQMWxIeF9rc3lYZ25wWS1Lb05heWRaelZHSUQ4TE9Ma1ZOYnNXazBBbmYwWUdkNm1TSjZLYndMMHQ3cFNrU21Da3c5aEZrNlUtb25BcTRxNkVrWl92MEZlbExWR255STNnbnI1MXI3Z2k1bHJETEVvLXdCUnpYcGJLU2V3NWxkVWduRFdqSUtqeXNsVWI?oc=5,Murder,"Man murders wife, her partner in Kallakurichi and surrenders at Vellore Central Prison with severed heads The New Indian Express",Vellore,,,,UNKNOWN,"murders wife, her partner in Kallakurichi and surrenders at Vellore Central Prison with severed heads Man murders wife, her partner in Kallaku",10,Critical,True
206bd99e6ed7a1f2,MBA student held for attempting to murder girlfriend in Vellore,"Mon, 30 Apr 2018 07:00:00 GMT",The Times of India,https://news.google.com/rss/articles/CBMi0wFBVV95cUxOMUl4eHRWN3FxVGVINFRoVWE3TWJsMTcxZkljTXdhVW51d21mUGE3aVJrdGdKdFpfLUF5bVBPQlMtMGtKRlF4dlRnVFV5dGhuaWdFNGlZd0t0dlhMTUd5b203cUlmN2VaRmRaaGw4anFHdTh0aHpqYkF3emFiOTk0TzhLaFNEcGRJMlFaQTRTOEE3Tmx2a1JMcHZmY0Z6Nm0zWXl5NU5vaVNwajVfakU5SE5qVzNwZ05KSTYwdUZFTWdjRURCLWdMbUZmX1I3aXNraXM40gHYAUFVX3lxTE9PbEltcjBHTFVoX2RXV2U3dzkxcXh3ZHdzbUdITEh3VHBYaGJVZF9fOW9aSFRyZV9qWUNEdnR4NFozaXBMbDd2UE5rYm16dG1BODZCeWpXVWp2NE9COU9CZkpmMl9PUXZYZTFmLWZ2Ulp4SURTLVI1V2tkSlNreFdhSGZncUoyazcwcFNFWndTTms1TDNib0tQOWpmUW5uZ0F2RlJXZElDTnA4MzBaOTNUeUdQNjJ6ZmVEVlljdHZoMEFaMXpYY3Z0b2lyUVdTTWZOSFlPTEFwTw?oc=5,Murder,MBA student held for attempting to murder girlfriend in Vellore The Times of India,Vellore,,,,LOW,MBA student held for attempting to murder girlfriend in Vellore MBA student held for attempting to murder girlfriend in Vel,10,Critical,True
4f0245358afa385c,Puratchi Bharatham stages protest in Vellore over Kavin's murder,"Sat, 09 Aug 2025 07:00:00 GMT",The New Indian Express,https://news.google.com/rss/articles/CBMixAFBVV95cUxQN0FQckhMa1RzcThxMnowMEg2WVphV3NJQTRSQndLaE4wcGNiMDVvZUZNVG13RnRTbzNmSTIxeE4yYjYzNi1JcEV0dEVTTGNIdkh4alhIc0k4YW80ZEJFTTdIVHJlSDVaNDZoMHhCUHc2MDUyME8wT3lLUGxONmJlbTdFUDNfUGVPTUhZcWtEYXVkNVlVSldnb2RQeW9DamFtYTFaVTZXTVBmTGNqUUxUeEM4OWtqZXBuU21qeTJEUzI0RUc30gHSAUFVX3lxTFBiWUJSSlpTWDhOV0VFZXRBd3ZtQTNVRHRIb3lNdXh1QWdHcDVoWHVVakk0REhzc2ZGYjNySnB4RGZfNnBiM2lUckVzNkM3dVQtR082X3VwRWhGb2Q3R0hkM05jNnNOSnh5dUo4QlFnRnF1Y3JmaWNpaXdnUjhnMWNGbDlqQ080QTR2eHhlaTVBOEhlV1ZMZlVGajZSdGpfM0RaYzFDUUViaGMtN2dBUTIwUGh4ZWZlUDFFd2ZFLS1NLUtwOUgwZko3VGhaTU8wOWFFdw?oc=5,Murder,Puratchi Bharatham stages protest in Vellore over Kavin's murder The New Indian Express,Vellore,,,,LOW,Puratchi Bharatham stages protest in Vellore over Kavin's murder Puratchi Bharatham stages protest in Ve,10,Critical,True
3213de4a9235c5e9,Cop opens fire to thwart murder bid on history-sheeter in Vellore,"Tue, 12 Dec 2017 08:00:00 GMT",The Times of India,https://news.google.com/rss/articles/CBMi1gFBVV95cUxPekJnaGJrT1NlYUVsUmgtYnpvSm5nSWxjNGxnaEI4VTYxWnhQd0tDRWY3UWpUeEZzY1ctdnV6M2JacHBDSWk2bVM5bm5MbDRSUWdrX1R0eDJkLXZyZXdQeDNrYmo0bUVhTXJhT3MwMjVSM0w0M0JXZmFYT21VSV9abENkaHpRNF8zbHR2dmNKZXFkY3duMmhuOUhRU1NLTHplV0RKb2IwZ1J4LTVkSUNQU2JGN2w1N3p2YUQ1akZYMzAtTFAyaGw3YkxybEhmWUwzNUxvTjlB0gHbAUFVX3lxTE9mVjYyWVRTZUdDVmpSV3Iza19YWGkwenpad3hBNG5xYlFSMU5RS0FsWXNrbmg5bGhnM2Jaa2QwYzdmYVN1SzM2VTN2cmlVajZRNVVZbVR5VWNPM0JlU3hPeFhabE1pZWl2LXRUVUF3MnBDZENGX3B4bWhZOUFxT0RQTkhUekdKU0c0My1POTQtUk1pUkhGdTZtZnZPSDBRM08yWmtpSmJ6ZjF2c1I4Yi1wX19zY05VVWVFd3BNVWRGY1RPUEI3MDFBTWQ2bkdXWTNtbzY4MU1kcE10UQ?oc=5,Murder,Cop opens fire to thwart murder bid on history-sheeter in Vellore The Times of India,Vellore,,,,LOW,Cop opens fire to thwart murder bid on history-sheeter in Vellore Cop opens fire to thwart murder bid on history-sheeter in V,10,Critical,True
3cfd981d02ca1e75,Female infanticide in T.N.: Parents among four arrested for death of baby girl in Vellore,"Fri, 06 Sep 2024 07:00:00 GMT",The Hindu,https://news.google.com/rss/articles/CBMi5AFBVV95cUxQOTF0Nm94SXdCUE9CRzNIZEtOQnZMaGlFUlI4bjBIajZmUWtZSm1zbE0tWnJGQUFROWpjZmdrOHczZGY0YlRfeDdzYjlodzVsU1VfejF3SGVOY2hHalpENGE2V0tVTnhzYW04THhXbEQyVVllcjJVTlRmX2tUYzBId1FTQUMzeWY3UWpiS0J6OXlnUDd5STgzYXZfZE9NSXFpZGhSQlFMRDVZdlo0Zk1STTlKSTNoVzB3aTBQRHdVeU00eGtaYmJzc0l0ZUc3UDB2ZVJJNGJFeFBWaEhRcXB0N3JHd2jSAesBQVVfeXFMTzI3ZG1qZnR2c0I3RkRwRzB0R25Zdy16aXpnZEpNVVZya2RSVDVVMHJPOFBUYkUyM1BCdml6amt5ek5aWkhkSlh5a1EwOG9HZmlqMWJTTzFzQk1HQmYxUHU1NWFUYW5qMlJuMmFwekh3ZmI1eWlZalpRWkNzZUFUcVc5aXBUS2pGYTBoUXZRUXRWbEdUVFcySm56eTN6a0VFY0Z5VHA1eFlHajhjSENEczBia2xoR3dYWmo4RUVWSXcxZXRXaW5hVTdvTGY0dUZtNnBDZjhsQjRUbTZIY2gtTUtOcXZpTDhHQ2dkOA?oc=5,Murder,Female infanticide in T.N.: Parents among four arrested for death of baby girl in Vellore The Hindu,Vellore,,,,LOW,in T.N.: Parents among four arrested for death of baby girl in Vellore Female infanticide in T.N.: Parents among four arrested for,10,Critical,True
b4ec165efa258793,Duo Detained in Connection With Vellore School Founder Murder,"Fri, 14 Aug 2015 07:00:00 GMT",The New Indian Express,https://news.google.com/rss/articles/CBMi0gFBVV95cUxNYUdqS2lkSlVBQnphb2VwXy1EZXBvZGF3OUxiV2Z2QXhPRnFqMXdwalBZN29pYTJrNVBveXlSY29Tc2ptQ0F5V2tnbVFNai1rS251aDhUMDgxNWQya1VmYmxHNTI3aWtJQ2J1aE5uRFNJbUVScl9KX2w4UTZ0dDdTSGM0bXN3aFhtaDRHYm9HcGV1bjFNS0pfcWt2c2pxYmJqUEdSOF93WU5ocjVBa0EzaVRmVU54MExDcEw1NXdITzdaV084MEVrOF9odGdlLTVWVkHSAd8BQVVfeXFMTjd5OE81SkV1NFlFQ2h4RWhPZTlPT0tuSmNuM0NtUlNzSG9keXAtMml6eWFISndRWXBRN1ppU0dXTWpfcGhIOW1IWWVfYlpvd092QllobF83dDd1UUU0bXRPZVNTU3JPVXVlbWhpaktYeXZBQW14ZUo2dnpNTmYtLWU2R3VlRXhnOEd0Y3F2VktIcGNFa3VOVlNVanRaU1ZtMnRaRTlzSU14UXZDRVpPOXRqRGhoa2ZDS0hudDFsYS1aZjg3U21BSTRTX2R5ZGxOb1NTR1VWQWc1WThleFdBSQ?oc=5,Murder,Duo Detained in Connection With Vellore School Founder Murder The New Indian Express,Vellore,,,,LOW,Vellore mentioned without exact incident locality,10,Critical,True
f49d88cea087aaee,Brazen murder of GG Ravi triggers panic in Vellore,"Tue, 14 Feb 2017 08:00:00 GMT",The New Indian Express,https://news.google.com/rss/articles/CBMixAFBVV95cUxPbnFjcm5TWDAxYlNQN2hJOGZKcTVLb0h5SjE1UldNTjlwR2pHTTk5Vkd1anV3cWVaY1k0UElwS21MYzFBd1pLZk5rUTNxVHduLWZ6Rkw5aFdGcm5IWDMydWpFTmR4WXpUdWxJRl9jcWU0MGp2WkJkak5aQloyOGo5OXpfdGRwUmx4ekxRWGRER2pGS1RITC1ZaFNLWWFlWUdpS3hmdWt1eXhOTElXdmQxZ2FSYU96UVJTZVJLbFduTmtZY0ZV0gHSAUFVX3lxTE9wdXJpdmVCdko2VnhJcUxLNG9VVmhXdDRRNHpnekNRNUtpNzRBNXFiZk9pRWtQanZhRktqZk4tbGdjYUszY2hxMlVJazk0eURhZnd4RXdBZ1Z3ZkJFajlzSnN5MUMzNEY5S0NQRzZENzJvb1J0RTN2MXhHQmRsd2F3NDd1Vk1UV0hwZUdSZ2gxRFJSMFBWWURldmQwanBPcVl1Y1pPdENEdDhCOXlJLVg5LVBrR01KUmZUbWNCUGZvbU1CeHBMR2hOREF1c3JlQTZPUQ?oc=5,Murder,Brazen murder of GG Ravi triggers panic in Vellore The New Indian Express,Vellore,,,,LOW,Brazen murder of GG Ravi triggers panic in Vellore Brazen murder of GG Ravi triggers panic in Vellore The New,10,Critical,True
d5e93ec4e351f10e,"Gokulraj murder case: Bail cancelled by SC, Yuvaraj lodged into Vellore prison","Fri, 26 Aug 2016 07:00:00 GMT",The News Minute,https://news.google.com/rss/articles/CBMitgFBVV95cUxQbW9sZDAzNHFubVhkZ0tQZVp2eG5wcWFUU19ZZGRGc3JjQmxwNWhiekVEQkFxeWV6YmtFZTBib1AxbGprTmJPZXRWWlVVbWE4Q0lIeUhnbmIybmQ3Y0tJMXVjTzI3WDgtanc0OEdMcTk5bHAwT3owcDlDN0FZMHM3YS12cmNxS01FcVFwdllvaldMR1N6Vkh6cURqQzdDVGhjNU8xTUlpNFhxaEdJaVlET3pLRGVTUdIBwwFBVV95cUxPNFd2WGZTUGhyNUhmLWlRUW5KVXJ1bU5vOVVvOFR5Sy13UlotUk14WlViUC1hLUNGVDRQMnBZX0lWWlhneWRmV213M3ItQi1HYXRHbVZnOXYtRmxMYVl0blNSa0R0RmZSQXNZeEpVMWdGQUdoRkdIZzBXTG5NWHlnYU5DdVEyTmNjNWdYc1VrSXNBUmEtcTdGNV9ha29jaFlwTXpvdkxkUmRJSHV0TXg3Q0tqaXo1bDlMUVBoTUk5XzJPcmM?oc=5,Murder,"Gokulraj murder case: Bail cancelled by SC, Yuvaraj lodged into Vellore prison The News Minute",Vellore,,,,UNKNOWN,"lraj murder case: Bail cancelled by SC, Yuvaraj lodged into Vellore prison Gokulraj murder case: Bail cancelled by SC, Yuvaraj lodged",10,Critical,True
f7243db142bd26d8,"Couple Killed in Vellore, Jewels Missing","Wed, 16 Jul 2014 07:00:00 GMT",The New Indian Express,https://news.google.com/rss/articles/CBMitAFBVV95cUxOaWdxd3RkQ2xUX3ZJYkZEWEpqVGFwN2ZmMmhIbXhMODYxdEtQZnFaM25KM0QwWEdnT0FxcHlhckFmRmdTRm96OEZQRmtSakxqdFFXZVFxSkh4akZjcGtvZmJKRHdnWG12QWNZZU9LaXB1N2l6amdaeWF5VThSRFpWVFRwN0lYaUVqczlINFV1SFdhTGFqclpzMTkwb1ZHMlY3UzFJMXlrYzZVRmlLS3dKRUNoZ3jSAcIBQVVfeXFMTnItekw0Rk5sV0FWZVNwaWxsSDRKalNRVDNOTE11NUZwSldkanhLdnhEeVlSMGhTME9Ca1NPSjB6bmxvam5WWUdSU2xZUnJ3YjI1QklETjFhZG4tQWFFTGFKcm5VaHdzaExfdEpBakJrMmczSVNYcmMtVXlXeEgtdXJDcm9FQ1ltcFZ6eGc2RlUxWDFqRGhWajZxVEo1SldBdHVHdzNwelNlaG8tUWp4d2dpQy1CZTYxMkN5RFdBcWhJT3c?oc=5,Murder,"Couple Killed in Vellore, Jewels Missing The New Indian Express",Vellore,,,,LOW,"Couple Killed in Vellore, Jewels Missing Couple Killed in Vellore, Jewels Missing Th",10,Critical,True
958c12e61255b077,"Vellore police deny delay in FIR after woman accuses husband of attempted murder, dowry harassment","Fri, 25 Jul 2025 07:00:00 GMT",The New Indian Express,https://news.google.com/rss/articles/CBMi8gFBVV95cUxNR282SU5EUmpmM0JGUkI5c3BqemlJQXdjVU1WTmdYNXV2UUc4eUFrSGZBMFJ2UHdGek5aQXI3Qm0xMTZVM3hkMHp5YU5lWnFJdTRBS2EtTlJHZWZIR3hLdXR3QmVaQTZ6UVZWQjgzMW14THpUM1ZNbGpXOVhPdF9ud0hfY1NkNkUtRHZvc0g1blFtdVNnTVBPOG45Q25DR19jSURUbzVPM2plMTVhTHFmbXd4OV9yRGYtcFRZZzdwdlAyUmtscGQ1SlMyX0ZGZzN1TWpaOTBNM1pZUHpPb0Y2c3RNMk1QSXBGZHlfMmVfalk1Z9IB_wFBVV95cUxPR1BhQmlYd3dxQTFJdGJueWNqcjVfR205MmZsNklaNlVTenEyWnNlYzRPZ1pqdkJhU1lXX2lrT2pIRVRtM21JT3Vqa1FiOFRqLV81S2NWclcwYW91b2FNVmUzWFRIYmdxRGdtTFhPU3c1bjQwRi0yVWNReldqeF9obmpzOFJ4dnZVbTJ5NzBaSjFrMll4bnhCU1BrVzc0YS1YYjJGYV90LWN0YkZ1cFQ1M2wwS3VTcVQ5NmdncGNqdENqcmJCZFVYOEt5QnhHSjh4UTQ1Y2wtbThvbTVxZGtIVnl0LXNuREV0NkdpWHlxZEV0QUlqeUhSNlVqYkZLNEE?oc=5,Murder,"Vellore police deny delay in FIR after woman accuses husband of attempted murder, dowry harassment The New Indian Express",Vellore,,,,UNKNOWN,Vellore police deny delay in FIR after woman accuses husband of attempted,10,Critical,True
81c49c2ce62df478,School girl murdered in Vellore,"Wed, 17 Dec 2014 08:00:00 GMT",The Hindu,https://news.google.com/rss/articles/CBMiogFBVV95cUxQVGZSTUxxZ3kzZ1ltWldCb2RaWS1YSlVnbkJ1LXl4MkRTN0V5WEx3RG9TSHNuYXJVNXo4aHBpOUoxejJGcXZzQ003dGxsU2dTZWxzZmZLZnc4a0NOTlRWYXc4OUEyU3dBZ3d6a2EyUUxzNktpbWZ6T2l1WjFrZVl2U1J4ajBaVFNDN2VFTm0tTVNTQV9td0tGWVJJYm9tU1pYWWfSAagBQVVfeXFMTkFTZ2ZzQTZ3M0kzcjVGVU92ZEg0VzZ4T1pPUl9EMUdGVVQ3RDhHQVVITXFWWXFweFl1c3Q1ZGYtckRrTXhZcTFHREdkVTFpLXcyWG13SXVpTEhEcmdudDJYTmhGa1FEZmFzdnpkU2JaVEhDdjU3STF3S2x6cjJJbnAwRURxam8tUVotNDhsV0JLQ0FEMUlmSTJIYVVweGJURnl4YmJyUkZn?oc=5,Murder,School girl murdered in Vellore The Hindu,Vellore,,,,LOW,School girl murdered in Vellore School girl murdered in Vellore The Hindu,10,Critical,True
82917ae4ff8ec59c,"7-year RI for Inspector, two cops over custodial death of retd CRPF jawan in Vellore 10 years ago","Tue, 23 Jul 2024 07:00:00 GMT",DT Next,https://news.google.com/rss/articles/CBMi1wFBVV95cUxQNklkakszbzRhNDFBWmhJYm5pOER4cnFJWkhVekFIVFNBR0RTMEdhRVZxWkVSRmZrcFpiUnFmc1BNS2JKSTVzUExiN0pnbVJjSVVMU1pDalBQMVF4TnA3Z0otdjQzMlk5dTBjcl9yTms5aExFdHlmMTBGWTk4VlJjdnlNUFQxUU9nU2dtdm5DS3FfS1RZMFdabW52U2xpNXp1UDN4aG1pQVJGU1NJNmNRZ09PeWpXZFZiLUJCUWlBT0ZYb0VTZkFrWnU1M3Vid0hBYjZBVTJjZ9IB5AFBVV95cUxONXR2TFI1VkpFVDhnUm9xeDBzT0kwU3daUkpqTnhzalJzR0lLNWZtOV9pWU1UU0VVMy1aMDB5TGdVb1RCaDJhLTd4T0E0bjFMenBWT1JJdmxoRGV6VlNSaERXcFUwb3B5eFVjcWhXWURYaU5ZWjllTDYzYS1GNXlUNzhRaG0wQko2SDVYSkIwemJtaF8zdVZMNGVwd3hmeVhHVVZqbWVYRmNCWXM4WFlwQ2hMc19hNlBFODZsUXdaT0tDVmRCNnR6V0xZSlMzQS12ZjBXSVdzc3ZySUNpUE1YN2Z6UHU?oc=5,Murder,"7-year RI for Inspector, two cops over custodial death of retd CRPF jawan in Vellore 10 years ago DT Next",Vellore,,,,LOW,"Inspector, two cops over custodial death of retd CRPF jawan in Vellore 10 years ago 7-year RI for Inspector, two cops over custodi",10,Critical,True
6ba90c72a3c99179,Tirupattur: Inspector suspended after murder,"Tue, 14 Sep 2021 07:00:00 GMT",The New Indian Express,https://news.google.com/rss/articles/CBMiuwFBVV95cUxPTkw1ak5vS1owQWMyRXdQOW8yU2RfVERBX3l1NXduVjlueFJCV1NUT1dVLUFGTWh0VHdRTTQtRnRla3NDLXVPSnNjUzBkNVFyQ296cFpMUW1HWmdtWU13VVZVbHJtYTZ6cDY3aWREZGdRdDdvcEdFdXhFeUZyRWFwdG9rNXlHT3FrWTVQVHVDM1hCSVNicTNoaUZRRkx4YklmQ1VmYXpQMW5VTFk3OHI5Y2ljZjMtZVRySHdn0gHIAUFVX3lxTFBvWDJlSGFkVV9VZ3pTNzJIRVFhY0dlYklCUXZiOUMxQmdmTjN2UEkwcnM3TF9IcDV3SzJveGFRVk4wckVIUC1NYWphY1dCMU83b3o0NU9OZ1I0X3QyZjZfSDB4N3RVMmRnSUYzMndJeGotd201V1BaemFKUXFCY3ZoblNNb0RWZnMwcnZqTkwxUVlrWnZOZzNkS3JsWXlJYmk4blVGMENUVUVtTlpHLXR6UVB5WTRwOVdubG1VUVNRamdSZDFoZTJE?oc=5,Murder,Tirupattur: Inspector suspended after murder The New Indian Express,Vellore,,,,UNKNOWN,,10,Critical,True
ea363cf308caaf2c,"Woman dies by suicide in Vellore after death of father, children in fire accident","Thu, 22 Apr 2021 07:00:00 GMT",India Today,https://news.google.com/rss/articles/CBMiiwFBVV95cUxNZFVIUEU2amZyUzdFZzl6RzVTMmptbWUxZkg3c24xODNsYVFrZ3FmOF90UF95eXFnZjFYVGVrc2ZOZ1Fjd3JYVWpmUW9mLXhTQzQ5X2hSQ2xVUDc4SGlEQ0lEaW02cUV2VXA0SXYyYVI0X0tSOV9zYU1xWHZUSWFSUU9KWkRuT1NDOHZJ0gGQAUFVX3lxTFBEckFBNEppYmc1T1Jid2tTZGdsRDdqVlVYdWl0MU1yZmZlTXFoelZPZGRWMG1IUkw5Q1NhdHJZdTRUOER2bFNTMGE4YVVJZDZwT3Z5LXhHelpoZHR4bW5tbHpsWmVQSjZVWnpFbnVLRzUzQlEyY0FONTZpcnZCVWNNLUVaWDhhN2JseS1ISzFTdQ?oc=5,Murder,"Woman dies by suicide in Vellore after death of father, children in fire accident India Today",Vellore,,,,LOW,"Woman dies by suicide in Vellore after death of father, children in fire accident Woman dies",10,Critical,True
dcf33d89f6de511a,7-member gang held for murdering Puzhal jail warden and two others in Vellore,"Wed, 09 Dec 2020 08:00:00 GMT",DT Next,https://news.google.com/rss/articles/CBMiswFBVV95cUxNQjB4MkVJTnZ6Vm9pbTlUSEZ3c3REMDBoaFNIbkVQaEswNzNNdmNRSEpTX1BCSlM0WXdIb1BVM09IaXMwV2dYRkN0N19YYkcyYW5vUnBFUF83NEdGcDJ2d0lDY3BKNFdSTWwzV2VOMjRUOWV6ekRld251SUdMUTNlcFRnZEJDaGRpWDM4QVh0dDR4UkhWMVJHcVVZeTVJc3MxSE9WdmhGVS1jRFQ3eE1uZm5ZMNIBwAFBVV95cUxObGpjZGRITU1jRDFNMGhTNV9oYUx2SzBhQVN0VzUxMFNoUENoWmJtLUVCQUlHN3liTW93dWNMTGQ2UXNUcHdnTENXOGdVNWY0bkdabGV4RHJHQUpyU0V5d2puNEVDQVB2TG5NeEJoZnBNSklCUk5Pem9jRWxYQUV3bGdsQl9NRGN3YmtqajBQM1JpbkN5WWJ6TmZSMk1MaUQxWW9lcHBXMlBQaTk0eW0tQ2tUZjMzTER0R3A5Ri1zdWU?oc=5,Murder,7-member gang held for murdering Puzhal jail warden and two others in Vellore DT Next,Vellore,,,,LOW,r gang held for murdering Puzhal jail warden and two others in Vellore 7-member gang held for murdering Puzhal jail warden and two,10,Critical,True
04bfdeb93c1b393b,Vellore: Student murdered in dispute over mobile,"Fri, 22 Dec 2017 08:00:00 GMT",Deccan Chronicle,https://news.google.com/rss/articles/CBMipwFBVV95cUxPcnpqQWFqNkczTjByTmNUMGh4MFBmOHI0ZlRVeWxBTVZ3Mm9QMFdTdDVHczl5TUkyY2lNeU5McldHdzBfWEVvMXVCWnBMWjgxdXlYQmhCRFcxdk9LUXU1TVVsbWdVbm51cFR1TzRWT1FMbEJ0UFdvbTh0dUpONy1hdXJybHo2cGlkOXNlNFBEQzAtUDhNSXVLeFpDRVliZ3BWVV90WmVlVdIBrAFBVV95cUxNRUhSUzUzUVM0SG5YcVJ0UDhOV3Y2MjBELUFIcDJzV1JpTGxKNzFsYnNkZkRNRmZiMWhuNHZGOWVNcDZtbmw2ODNPYm8zc2t5Rk1mVDFkekpPQ2JEYXFZUjhybExmNmo2NUNNcjZCSWR0SV9LN3RYQTRSdWp2cjd4eEQzbVhZNzZyYnVBbXBlSnozZS1RcXN5QlhpY2F4V3d3ZHZLLTE5aXZoS25t?oc=5,Murder,Vellore: Student murdered in dispute over mobile Deccan Chronicle,Vellore,,,,LOW,Vellore mentioned without exact incident locality,10,Critical,True
4acd69e62925ba4f,VCK Vellore district secretary arrested,"Thu, 08 Nov 2012 08:00:00 GMT",The New Indian Express,https://news.google.com/rss/articles/CBMitAFBVV95cUxQZXhWcWVWNGtPak9DT3NDMFRUVnVNZzlEY0ZsY2IwckxXNjNxUHFiYlhBLXhkM2ZRVl8wdzhwRndjNjFVY3l6clZlNlQzTlA1S3lRZXdhQXhzRzdkVnNHdzZQVHJEd2hyM1daXzlOaFZXTEE0el9OSHpxam1IUUR0X0VJUjNoSVdTc0xnZnB2RDVYMGVQR0VFaW9xOURsYXZEdFZjZ2NKV1dUNUptX1g1QkcwbmfSAcIBQVVfeXFMTU5zWURVTldNc1QtVnVGNGhUZVA4NDNxMVR6TEFFYXQtd2lVNzZhTmk3NVpyZ19uX2RDemR3d29QTGRVQUswUWlWZFJnM0hMYnFyNndiNDdJNHFDemhDVWJnaGFrSXR5T09ZR3ZWcWRNb1RWaTBHMnBUeHNLejlpLUdFSDNTU3NqdzcwVTZJYnZBcmxYOUItMnFkdDdtYzZyYTRGMERkNDh2YUJKekRhVlBPdzM3QUZtd0ZxWkFUM3dGclE?oc=5,Other,VCK Vellore district secretary arrested The New Indian Express,Vellore,,,,LOW,VCK Vellore district secretary arrested VCK Vellore district secretary arrested,5,Medium,True
2ce13e9ca1f8ed2b,Tenant couple among four held for burglary in Vellore,"Tue, 23 Dec 2025 08:00:00 GMT",The Hindu,https://news.google.com/rss/articles/CBMiwAFBVV95cUxPdU5WLVJUazkxSEkwZmd0c2ZfdUlyd3dtQk1IQjBwSUhJZW0zU05nRExPelRGT0RqR1hPWk9XeEl1Mi1KMThTblZxc1pEaHJjenkxM29RX3gxUXEtbzM2R2h1ZUdEYng4d0t0dlFzaU5ndWZBbmxmTjNKQmhza3Rta1duVE9qQ0NlU3ZDalMxZmVTWC12a1FPc0t3ajd2UnNRbmxjSUlqay1ZYjR4eGdGVkVQRXdwcEwxTml0Z2hwdFrSAccBQVVfeXFMT2FVOG1mSzg1TTBIdFM5dUdyd0Jab192aFlRS0FpRjFJQzUxdDhWb3lkcVBySHJRMU42N1NvNko5ZXg3QVlTZDc5SEFuVnJRNldRMnhScnpwajBkTHNYay1ubnpIblJybFgxNW53VXdaZGdpcUU4V09DMmx5TTl5VFk1ZzhsRmt2aXZtUWUwUTVkUHY1MUIzaDNaQkRsM094SkMwZjVBWnplVV9lbjI0SVhWQnROcmlvbTJMNlZQN0hLWHc5dlF5WQ?oc=5,Theft,Tenant couple among four held for burglary in Vellore The Hindu,Vellore,,,,LOW,Tenant couple among four held for burglary in Vellore Tenant couple among four held for burglary in Vellore The H,2,Low,True
d51581ddb258e524,"Tamil Nadu: Burglary at Vellore’s Jos Alukkas cracked, jewellery worth Rs 8 crore recovered","Tue, 21 Dec 2021 08:00:00 GMT",The Indian Express,https://news.google.com/rss/articles/CBMingFBVV95cUxQNHVuekFDNXRHQmRoVFBsaVpCN0U3NjJyMG5ySFdoWEx4V2FRZ2tVeWwtaHpOM2NCejl0Q2FjX1NOV2pUV2FDYTBZNXYwMmxMTXNZZUdna1ZSRExSVm1CV1BsOXpHVWVjeVRFczdBaUVaSW9vTFJpbm1JTkNacXg1VVdjUXMzWk1HZUloRG91Vk1ndkFoRUVyWUJPTll5d9IBpAFBVV95cUxPNldhMkRQdnQwZ1NOanZCWnBkeDZmVW0tMWhPV3FLZjRsR1lFTERyS29ZeGdmNHh5bFpoc0lYbjVqSGpFSVR5OHZMcGZSYk11U0FMX19Gbkc3MUxZeVBrZXVZb2R6cDgtUF9VbWxkSFdad1o4YlpQQVlpT0dpalI5MFJpUXdVdm5idTdUN0U4LU80VlVLYTJwT2hPZDNHaGhEUVdweQ?oc=5,Theft,"Tamil Nadu: Burglary at Vellore’s Jos Alukkas cracked, jewellery worth Rs 8 crore recovered The Indian Express",Vellore,,,,LOW,Vellore mentioned without exact incident locality,2,Low,True
07bcfa62edb03492,Bank employee held for gold jewellery theft in Vellore,"Sat, 23 Sep 2023 07:00:00 GMT",The Hindu,https://news.google.com/rss/articles/CBMiwgFBVV95cUxOMDNyZHUyNUlHNUFhbWw0THk4WTVUaDRmbW5ndm9RRVlOV0p2SHNILTdDazlwd3lQUkdoUWh1U053U2tLcGlVbUJrMTVDcjdHODlFZUgxeEJNdkF3VjYzUjJLN1VKRXZSUllfUHJFa0JTaXdtdmxOWG4yajNMWkdFNGkzNnI0ZHpCMGdwSkhaRzJIUjhYdXlXZVhYbjNqMVkyQzFDYVUyX0RtU2JKYURQNHFIY3Z0SEduVzdIYkVhM3dCUdIByAFBVV95cUxNRXAwZjdnZWYwYm1UMWVqNFdxTW9NZjdiRW9vSFdpRVlXV0h4VTBnYWd3WGJoY1FfZXlFWlVoNEt3WXk1eTF5aWpIeVp4cklGQi1Hd1BldXkwNzRmZFBEZGpKemFXemxRU3BzcV95bnplZXU4RHhKb1V3ZmJBcVVib0dySWozLU5wczlLZkYwMDRGZHg2Rk9jNjcxSy1JMERhUTBUUGpxaFlzeFlNdnpqOWNFYlRzajJhYWNURjVSQVZOSjlQWmNlYw?oc=5,Theft,Bank employee held for gold jewellery theft in Vellore The Hindu,Vellore,,,,LOW,Bank employee held for gold jewellery theft in Vellore Bank employee held for gold jewellery theft in Vellore The,2,Low,True
421a39eda2e8d5a4,Man sentenced to three years imprisonment for robbery at jewellery showroom in Vellore,"Mon, 28 Aug 2023 07:00:00 GMT",The Hindu,https://news.google.com/rss/articles/CBMi7AFBVV95cUxNaDFDMTRxckEwSGJvTzhBaTJVcDlDcUQ5QjBRU21rX0MwRjNwUkZyTVQ0X2xndXhjdEdKb1E5ZUh3TFFndWVBYXlUVUh0bzlBcHdXeWZEb3Q3c2d2YnMxUU9EMC1wREpLT1gwM0V2RU9NbDRLTlVRSnZ6cmVOZzRTQWlIcUswTVpBU3RVdkx1MzFOSzIteFFUNHYtZzFtZXNwZmo0SDBLdWxSTjYxWllYbWRFS0Joak9RR0FZdjBJUW43NjdzYXJKZjlUVWtmS21xaGhMZzV0T2l4NjF2RmMzN2F4WkFPMVE2bW0zWdIB8wFBVV95cUxPbV9NOGUtczMzNlk5bDQ1aF9Obml3aG03Sk03MWxtNG5KaWJueFR4eDgxYzM5QkNsVDYtd1JFR0ZpX2V0RlBUNkdxa0xTQW11M1dxdS1CMWhLX2lwdkM1UUZWR0FZWC0yWDlqb3dIM202Yjl3MXJ1ZUNRRm9ZSnpUdjVteGc0dnBIVFVheHB3Qjd2dFduNWdYd1VaSng4YmJ4V3I4SUtoTXJscFpqSERNRkljX0ZBVHRtRENTTXJPcVZUdjA4Z3liaExPc2NUZkwwOGxaRTlUYV9qamdIODZfVFlFemlsM09NZnl6RkFHaE43MzA?oc=5,Robbery,Man sentenced to three years imprisonment for robbery at jewellery showroom in Vellore The Hindu,Vellore,,,,UNKNOWN,ree years imprisonment for robbery at jewellery showroom in Vellore Man sentenced to three years imprisonment for robbery at jewell,8,High,True
6d0af82e41412bac,BJP functionary’s son among two held for robbery near Katpadi,"Sun, 08 Jun 2025 07:00:00 GMT",The Hindu,https://news.google.com/rss/articles/CBMiygFBVV95cUxNOWpSRFpOZWhSRFQzc3dBVWVWTU5HVHpITk02STZXTzZSZDU2QlZEWVhfOEZtT3I0NlVaX25QNGdiYkpXZjEtbEN5cjdzTV9uVVdwSFpHREV0enhBSXRkLU8ybkl6bzlodVBDRkVpVGxKVURCcnJwNkxoaE1RUW1hYzdwNHBlVlNUaXRKYWNCamhxcFBSNkdaVllpMG40bUpPaFFJeU52bmNjY0pGam5MU0JyeVI3cGFMTFZ5YXdlcXU0WFpyLVdHV3lR0gHQAUFVX3lxTE0tM0hCcjByaWhfRV9rSUhKREdkZWJrWk1VS0RiaVBDa21YdmpsWFVDeVBvX3RjZmNLVlVNRk5Gek1OZnhfSXV1TlF3MWJMZnk4YTRjdXQ4TmhzS1NIS1J3NTFYSzBYNkpMVFJnMV9fRDBSbmhwSUpOOXB1U0JtVGpMX2JIbHBBQmVxSFgxb3BfSFFHa2dpb19MTjRnYklRY0xjVzI0Q3otUk1iZlpqYWlHWUt0QTFoMHpoVHpNX3pCM182UnJyRFBnR01BcnZFY3Q?oc=5,Robbery,BJP functionary’s son among two held for robbery near Katpadi The Hindu,Vellore,Katpadi,13.043505,79.240410,HIGH,BJP functionary’s son among two held for robbery near Katpadi BJP functionary’s son among two held for robbery near Katpa,8,High,True
fc4f8a0ad84ababd,"Four arrested for stealing bikes Vellore, Tiruvannamalai; 29 two-wheelers recovered","Sat, 18 May 2024 07:00:00 GMT",The Hindu,https://news.google.com/rss/articles/CBMi5gFBVV95cUxQUkdhTUtfSE5MZ001WEtwUTQ2aVFfYW1QUzB3RngxelRCcWJrY25jYmkzQzRTOW5JQlZ6TGUwNTFLOVUwVDhFWGRyMmFjZ2ZlWWxpaWNmSFdPd2VudUtTejN6c0gtZlJudWNwbHRJdUlnemVwQUNJdXFIWEpybmhwTFA2YW5JU3lYaUh5di1JRDB2Nlo2bmQzVVJhYW4wc2R5R3gzeVBfc2t6VS1yNGNSaHFBWFpZajdkT0Y0OHFrWTExSFlDeTNtNXN1SlRxeUpzX2d4RmZZNWtfdzZWMDhYR3dpeURRd9IB7AFBVV95cUxPRWR3bXowQXFna2Q1cV8yc0VBcngyVHNHam5nTG9mbXdHLUMxb1pPQm9Mcm9neXFGblF6ODYzTk11RUkyeTUyZXE4SzFtdTdzUDNBWXVQVnc4UHVnNWEtQzY5RGtfOXdoRlJWUk9VNU5KOHl5anU4VDZHMTE5cnRyTEcyd0RjRE5JVHJzcHBwNi1nQnhaWmQ0MnBITjJKalo5dDZQNmxVbVE3Mk0wMmM0VktnUUtVQkw3SFFfMlVvNHI4M3lrX2lpZFd3MnhySFpvWXlqWVMxTE1MU0NJWG9DT3N0SDVjdUZXWHlucw?oc=5,Vehicle Theft,"Four arrested for stealing bikes Vellore, Tiruvannamalai; 29 two-wheelers recovered The Hindu",Vellore,,,,LOW,Vellore mentioned without exact incident locality,5,Medium,True
208f31d9cd258c0c,Four from Vellore arrested for lorry theft in A.P.,"Sun, 08 Sep 2019 07:00:00 GMT",The Hindu,https://news.google.com/rss/articles/CBMivwFBVV95cUxOeWRaZkxJMXVRR0h0OVhia0pZa19QSFp6MVpuMjdkQnJsNkgxUDJ5N3BKUGdlXzJzcW1LQkdmUWR0Qk5CYmloX0YwbjlWY2JSSml2OE0zQVc1dkdKMGhXc0ZzcTd3U2FpbEY3ODNBNlpucmlZbmZVVWlFQ3lNTy1HTEFkc2lkUThoOXU5M1REUjVHZEdvbWc4Sk1uVUNhbzc1MV9FSWhzNk93SzZKT0FNV2VJUXJ3bHNoSU1ZcDdoMNIBxgFBVV95cUxQVVh0XzF4dkpWUzZHWGphWmpzem5scjQ5ZHdNajJpU3FHdVlpTVV1bkFCZUJmTzdjSHBaaFFMUU14b2RZNXF3aGJ4QkprSEJiajRfSkk4NVZPTjNFeXNiQ0JIZEdTU3FFZi1BRkpLT016ZmtLWmxfMUttN3dGMTdaN2R4ZUNrZzBFMHhmdVI4MUZZWTR5aVgwVG44LTh4OG1GSU5MX1lZUWNWY0VLX2xOYkpxZjRRRWVMUUZpVGg5bTJCc25VWlE?oc=5,Theft,Four from Vellore arrested for lorry theft in A.P. The Hindu,Vellore,,,,UNKNOWN,Four from Vellore arrested for lorry theft in A.P. Four from Vellore arrested,2,Low,True
95bd3fe1551abbee,Seven persons arrested for burglary near Katpadi,"Wed, 26 Mar 2025 07:00:00 GMT",The Hindu,https://news.google.com/rss/articles/CBMiugFBVV95cUxQdXFZemJlY2Z1czVqWGE0NTdJTjB3T2REWFpyMmkzWmRuVUxCbUF5Wmw1MWpiWDJ4Y3JvejEtRGViNEMzVnJBY2FIQ0dXbXBsNzlTcmdEQjI2c2JKSGZNTlZlUWZZVzdKMUNmdU9ianJsYW80YTJuUTdSeEg0anVHRERTcGZpM2lYbHhJdU01SmQ0a3ZFcWxLcnJ0QXNYZVdlcTh6WHYydWhvSThqa3hTdXNLeVFQMEUzeVHSAcABQVVfeXFMUDZqRzJYUU0zRDNEM3FrcTBTUXJ0dVNybHFqNVdtVnVFaFFaMEZ0WGFFaHlKWEtoT09DMWQ4U3BJcDF1WWptdUJCZjc1ZHA4MHFRRTZTMV9hNkNGVG1zdDV4dUxkNXBMbF9yUDhLZV9tVGN1UkpDaEdRbFB5S2RSekYtc28xcDlJcjBjZHFkTWd3R3k3RzRxOVRHZUU5Vk9pVV9XVXlJZVZ4TXlBdERMZDdGOVJQcjQ3QXhvLUNCWER4?oc=5,Theft,Seven persons arrested for burglary near Katpadi The Hindu,Vellore,Katpadi,13.043505,79.240410,HIGH,Seven persons arrested for burglary near Katpadi Seven persons arrested for burglary near Katpadi The Hindu,2,Low,True
6639b1564f4aba75,Man arrested for stealing 15 two-wheelers at Katpadi railway station,"Wed, 06 Mar 2024 08:00:00 GMT",The Hindu,https://news.google.com/rss/articles/CBMi1AFBVV95cUxOSDZHdEhLSHd0NlpQYVFmajk5TDZBUEtoaHNXczJJNUhucDBfMmN6RVFqbzB1a0N5aGhtZU5JUzQxdXkxNFpxMk40TzVmYUhFT1JyRDJnZG5aazh0TmNUVHVEb09ldmtmdVRmcUQ2X0V4MVo5WUlzb1k0NTdXMUViOEwydzRHMlBRY2NoY01wWk8ybHBNN3doZlEtSjNGTHJ2LTVlQjUzYnJ6SlgxOUpDMTYwamFpbGdiOFI5dDhZb1RST3F0bVdmZ0NMRmJ5SkxkM2RFa9IB2wFBVV95cUxQY2hDWFdLalBkam1IZl8yTnlTMWR5Zy1LQng5dzBFN2dwdU5xX0s5SFh6RXdEM0xFWVFUSDAzdzJFMlFENUVhWE9wNFB3YlNmNF9jLTBlVGFVN3ZsSXM3SVFJSjRrMnp6Zlk3eXh0U0QwUTExR1U5U1Bvb2E5NTJMdEZycW55XzdBNzl2cjk5ZG9OV3NXY01rS1lZczc3SDdHTjVUcTVBa3hhbHRNdVZJdWlqclMxOTktM2NYeUpGSzhNRHREcktObkJfaVFGTFdfblJLLTNJWV9Hb3M?oc=5,Vehicle Theft,Man arrested for stealing 15 two-wheelers at Katpadi railway station The Hindu,Vellore,Katpadi railway station,,,HIGH,Man arrested for stealing 15 two-wheelers at Katpadi railway station Man arrested for stealing 15 two-wheelers at Katpadi railwa,5,Medium,True
e2d9d94e15049fd5,Milk theft: Aavin sends notice to security firm in Vellore,"Fri, 09 Jun 2023 07:00:00 GMT",The New Indian Express,https://news.google.com/rss/articles/CBMizgFBVV95cUxOUWpJeXI0NTRMSU5fZmxkSlhkVkx1cDRsS0UxUEJ3RDIyZjBNWXk3VTk1ejFrS3lJY3I4MjJ4LWNhcURNSkpLVXVoanI5MklUekk5bmRMSWwwVjMwUm1tNlJNek8yTTNhc0diYnJiSkxodGZBSU0ySWdXM0IyZEtvQ3FyWnBlV3otTDZFT2pueXNMT3psM3FtbWFDaFRqZDNVNVpXWUNSMFZJNnRwM0hxUm1nZExGSmV3NFNMNElHODBoWVBmR19aVkJHTm9Kd9IB2wFBVV95cUxQckktZkNkNWkzQldsUnVlUTFDcVJpQjNIMF9BM1p5OWFJbGozZ3Jqd2sxcTVpVzd4X1U2YldWTHJKYUF3TzRrLWNzcHN6VndOYjYtWVBJeEZDNElSNk9YeWgyNHZ5TzJ4VTdGSTZUR1djLXJzX09tYUkyNHVkcnpDM3hKYkxxREN5eGhWZDZ1dWYtODhPdmtyV2Zzbzhkc2tkQmxRNjFLQlVaYUJqZmRJWXNsclZXRDFQOGlESDVydVBvRjItUFhIQVVpcGREX0FrVEEzeHgweURsaGc?oc=5,Theft,Milk theft: Aavin sends notice to security firm in Vellore The New Indian Express,Vellore,,,,LOW,Milk theft: Aavin sends notice to security firm in Vellore Milk theft: Aavin sends notice to security firm in Vellore,2,Low,True
cc471d9ea02874dc,"Police cell tracker app retrieves stolen, lost mobile phones in Vellore district","Tue, 10 Oct 2023 07:00:00 GMT",DT Next,https://news.google.com/rss/articles/CBMiwAFBVV95cUxPaVJRanJGNlZvdkcwQUdIOGtfQjVFRFltdmdQQVhySzBLMnhieDNXYkV5MHZQaVFkdzJhWlBNS3FIb054cmFYUEM2TnZaZlJWVEkwZDZpOFRfSXNJTFgwQTBmR1FNdktibzZmNHNnMEJXcWZGd3QyMFp0V0liZklmSnU1bS1hTFd1U2Y1NmhQVGluQzB6RjZGeWlSWG42NFczakVpdnVUSW9ZOXpia0lDQ3R4OVdMTmNlRDY1cnVuRmXSAc4BQVVfeXFMTnhVSEl2eVZjZ3pWNmtVY2s0bkdCZXQweDRpUDhvTlFKV21fbFBSQXNxcE4wbkwzZG05dVNIb0lWX1d2Z1BuWUo5Znk2U2E2aFEyNHBwRDdBWGp4N0dCVThod3NMWllBbUQ1dTVzWDNNQ1g5LXFtcnl2VWx5VTBEcTN3R242V2RDWUY2ajZEQU9CTF9EQ2o5YUpUSGlXcks4ZnpJTHktUjdTa1BGemJoMGNHSlNYUFR4aWFCRWhOaGpRTDFOeGMwRXJXQlR2blE?oc=5,Theft,"Police cell tracker app retrieves stolen, lost mobile phones in Vellore district DT Next",Vellore,,,,LOW,"ce cell tracker app retrieves stolen, lost mobile phones in Vellore district Police cell tracker app retrieves stolen, lost mobile phone",2,Low,True
0ea263e4799b658a,Vellore SP hands over 282 stolen mobile phones worth Rs 46 lakh to owners,"Fri, 30 Aug 2024 07:00:00 GMT",The New Indian Express,https://news.google.com/rss/articles/CBMi0gFBVV95cUxPYjd5Qld0aWE3NTJrNHdIVWhoenNCNVdkRGtCWWVBNE9KRmltYTNWM04zYS1QMFNoQXB0eDVsaWZ5Ny00U0lJSTFzcXlBUTVkWVM3UDdQc05KSlF2c19JSU8yNk1UeDJxNUdvM2JvWXRRZ3BlRkJBb3ZVQjRKeTNpLWpkRmRKQnRJcGp0ZVFxVEJYb1dPQWktSU83czdJR1VjQk9QVG5FZEJOWnByNEtRbkNMR0VpYnhKbWlkOWs4ME1fb0pNMUN5cXY3T3ZmZ0tZRmfSAd8BQVVfeXFMTm8tU21ZWVFZbm9tcWZyQ1VWdlp6dHZJVVlnTDhyQ3p5ZUlxNnJQMmo5X2FXdDJkWlhGMHdoUmNJNDduNE1ObUtkUmRXcXhlZy1rRERMek9jNTJJZEJDLWpkWnZGX2dVNGQ5MWxLMHBERkw5REt1YzQycG1fZnpXY0xsbmgzTVJaZ0xVSEl6X3BHMEQ5SFBPY2JxVlZPYUozbDl5a2NoeU96RG5DeHRZbV9SampjQlZEdEh2RVpCWXNGdXRvbUs0MjB3UGpscEhtREFPNUVaclAzRlNQYzYzaw?oc=5,Theft,Vellore SP hands over 282 stolen mobile phones worth Rs 46 lakh to owners The New Indian Express,Vellore,,,,UNKNOWN,Vellore SP hands over 282 stolen mobile phones worth Rs 46 lakh to own,2,Low,True
1ee3e175d0647d30,"Vellore Jos Alukkas Robbery: Suspect learnt burglary, drilling techniques from YouTube","Tue, 21 Dec 2021 08:00:00 GMT",ETV Bharat,https://news.google.com/rss/articles/CBMivAFBVV95cUxObGFveUFNWjdVWjF3N2lycGZsdk1VRWVxQ0pJa09Yeklid2psdmFTVEZXZjA2MnpYcklZWXBEV1hVYVp6V1NsLUtjUV82WU1VT3hrV3hxTm1mZUVnOE1IeGtWVEZjSjN6T2IxMndtaW80OHEzLWlCdUd4OHotRC0xWUtGdG1MaHdmRWFuV2FjUXFuUFI3dnNXTFdqTDRhTlJDUGVwb1JtbXdPNVhXcEdmbnNiM3dsYW81b0hFNdIBwgFBVV95cUxPbFBIYWg0NFcwNkh3N2xDdXdFU3NGT210OTRXdnVXa1BqV3hjTGV0MklLa3lzc2FNQVJwOFpCZkZMS0owSnRQWDRJTkpqcWoyeUhvWDAzTjhHRmJCYnJER0RnNXhQcmNwcXdFNG05V3piRk1OMjdwODlvSGFKVkVGZ2Q4R1g0Z1duaV9pb3FWSGNfdmtzUmd2N2tKanY3UERONkdERE13Q3BMLUJEcVBqc011aDRLZkVzTXBiWjV6NW0tQQ?oc=5,Robbery,"Vellore Jos Alukkas Robbery: Suspect learnt burglary, drilling techniques from YouTube ETV Bharat",Vellore,,,,LOW,Vellore mentioned without exact incident locality,8,High,True
440b871815cfb53b,"Google Doc, QR code to protect residents from theft in Vellore","Sun, 05 Sep 2021 07:00:00 GMT",ETV Bharat,https://news.google.com/rss/articles/CBMi7gFBVV95cUxPdDRkdFVydFY3M05ueVNuTU9lN1B5ckI4NXVWSUNqMjdYMGxHTXFsOEpuQzM1MXVXT01vMGxFalhVX3FKMXNDNFNUT0RobjZBckRvTVlyM0hDLTdpbVVwTVlYeHEwbnhnRThhUWMyR2tiWTZ4OVRnekNxUmNxaEVhWjRQNVhYQzBsTGhaaFZaT014c1NTZk9Nblg0amxqYjJtNUg5c3RyS1VLRmdyUzJXMnBSM3l3NmFiUHo3TDRpMWl5Rm9obDFPV2lLWWJ3b3VhckFsV3NxbjRmdU9vQUFQSG9uaGhDNV8wQ3JHLTBR0gHzAUFVX3lxTE9MdUllZHZOeDd4TGpadlRwU05PYnVudGhqTWdyOWx6ejBxWkxVWHBHZnFGTl80OWwwbzc0UTY3WXhkQ0tyNlBwVjRyazNuTDlEaUFUa0ZqdUcwQWJvdEZsOTBFNmF1Z0VLQUk1Y0FOM0hzdjB6WDNLQjNrYUVQdlpXdy1zTUp5aUU0NkdWelpXSmtiOTlTb01pRmRfYy1XaTBsUXg3Z2RvaDBrSnpVdGpwaXNfYVhXU3JFa3RxTjloaW1MazA0WDkyNUFERUtZNndMcFp0T2hNTFZyUzJUOUMwbzU4dzl1Y3pzS3NnTDRUX0djNA?oc=5,Theft,"Google Doc, QR code to protect residents from theft in Vellore ETV Bharat",Vellore,,,,LOW,"Google Doc, QR code to protect residents from theft in Vellore Google Doc, QR code to protect residents from theft in Vell",2,Low,True
3b58ee824d8085e2,"Vellore jewellery store heist: Man arrested, 15.9kg of gold and diamond jewels recovered","Tue, 21 Dec 2021 08:00:00 GMT",The Times of India,https://news.google.com/rss/articles/CBMi8gFBVV95cUxNVm1CVHJ5MjQ5MkVrRFBKUW9HVm5xenU1SkFMdGp0QlFVRk5GdC0teWxjcjFFNi04ejlQSmdlQUJFN01Qb3c5Q3ZDRzYtVWJmM3BraWpIYmpraFFFM2pNQ1BEcXFHZDEwbmxwSnUyODZKQmNCMWNxQnNtUDRzYi00b19ZRVY4enlmaEdNZ0M5dHN2U3ZGcG5qeFQtY3VZSzBMWnFNaEkwOVZTSDh3ZzB2ejJleHdFTXEyUzZzajllbTdGRHRvZWdzN1A2bVFJcjEyQ1I0MVdKSEpqLV9LdHppczhHZEJHdUdoOWExWlZubHdsQdIB9wFBVV95cUxQcWU5Zk8weWt3R2FLVEhPRGlBX1E2Q3VwSkJhSEdJMkpjdWV4TlRubVZucmxsQVh2MC1xTTZuT2hBczZXYzNKeGdHaHFHSkMyeDRiWVZ0NzRiaGVSZmxTMnJTaWcyUVNiZTVDc09kdlVqWXliSmphYkF4SXkycnFGSEdENGRMYWswUzVYcW1vYnJLaHFRX2RPcHRXcENMNVZzdVVqRkhHbDB5QzVxUUtHc3pQSXN5ZnB0bEMwX2tXVWRUTFY3dVJrSHpDRk5rbHBULTFyQVpDbk8wSTdvbEFWOFBmRTRBS1BQbEVKUXBpaThfR21mNk5Z?oc=5,Robbery,"Vellore jewellery store heist: Man arrested, 15.9kg of gold and diamond jewels recovered The Times of India",Vellore,,,,LOW,Vellore mentioned without exact incident locality,8,High,True
88c7453bc795d930,Two persons held for robbery in Katpadi,"Thu, 25 Jul 2024 07:00:00 GMT",The Hindu,https://news.google.com/rss/articles/CBMirgFBVV95cUxPNDZEd2hCSURHZmZROFo2TEwzTC1tcDBkbXh6ckpSWVAyaGI5RHgtcGI5TzVkejF5eWlXZFRfZ2lER0gxM3VGSFk4ZXJyeWFGSjhBbEU4V01Rc2pXdnV3cWRGSjlBZURtd2RybVlaRWdXUVZ6a2ROLVQtVDNBd0hqaEVnUk5QOTkwczJCU2QyMnRJa1k5ZVAzU1k2LTh3d0ZEWTlQQk1oeXdOejVXWUHSAbQBQVVfeXFMTVlyQXRROGkzUUdpRk1VNzltbi1zU2VsYjc0OHZwMHIwb0swQ1BuUWFuNTVOeklfZzdpbjJKNGZZcnlYZWpsWkJTcHdfX3hmeDhfTXR4MG9wZk92UVBlTHdsOE9iaXJwLTAzTEtJdVlYRUt1NEw3dm1ubENxMVlRY290bWVHWE9vT1FNcHF5Z29Fd0xMNFZrdUpPSWxVcFU2UmpFWXRJSzJfZks2TktrczlhMWln?oc=5,Robbery,Two persons held for robbery in Katpadi The Hindu,Vellore,Katpadi,13.043505,79.240410,HIGH,Two persons held for robbery in Katpadi Two persons held for robbery in Katpadi The Hindu,8,High,True
2248543e0dad18f6,2021 video of jewellery recovered in Vellore robbery case falsely shared as recent seizure from Tirupati priest’s residence; details inside,"Tue, 14 Jan 2025 08:00:00 GMT",Press Trust of India,https://news.google.com/rss/articles/CBMingJBVV95cUxPS2V1QlBZNG5QY1hHemdDcl83bVFTRkJzcmJoei1oaVNPV3h2ZmRpYlRhQXhDTnVQcmlWSzdOVlhucFh4Y09fTDRDcVBLVWoyamkyYmZOcHhJSFpLTFh1Zmg2MFZiRUV3dV9RTV9hVmV0ZkpTSnhSZ3VlY2JDWllSMk8yVGNsVGItQnN4ajZBaFB3SUpSbC1wa0gyaUFUOF9iYk00UFFPVU9WTXRZakU4bUZYZ004MjJuRXBwUzlWQnFTMnZmVk02WlhBSHdoY3E0VHNPdmozUEFjNjJzRUxvMEg1SEJjTlU3NGYza2lDc2U3NW02Q19mS0g1NkRXczRSREYtbmpxUnlKekdUYzIxeGtMenJ4UXNxV3ctRHR3?oc=5,Robbery,2021 video of jewellery recovered in Vellore robbery case falsely shared as recent seizure from Tirupati priest’s residence; details inside Press Trust of India,Vellore,,,,LOW,2021 video of jewellery recovered in Vellore robbery case falsely shared as recent seizure from Tirupati,8,High,True
7e84ff4194482441,Vasur Raja arrested in Vellore,"Sat, 29 Jul 2023 07:00:00 GMT",DT Next,https://news.google.com/rss/articles/CBMif0FVX3lxTE5oTUh3bkFQQjRuTDQwbDJJXzlqSzY5VjdMNEVtaTZ6OHc3dU5Kck1GdFRXSjRxQnJ6eXVydEZtTEtWYXdPY0MtU0RLZHpXUUZPUDJpTW5nS0xmd3E2Q0ZjX2VaQndzY2gxSzNJci1wSmMwQzZvN05wT3ozOGxwUDTSAYwBQVVfeXFMTXdWeXNydkxCWm9Lek15SHVqcXNyRWtxSDQycGVia2dJOTlNNEh0bm1JYVpxeUtwUzBRaE96d1cwcFY2QTNmMXRlekU3a1Y2VDM1WGJBLUpHR3haMGtKS2pHLVdEUHl1RW1PT3pReEkxRXpTbE5PYWhZR3lQaHY5aTgtcjJfOUF4SExRMmU?oc=5,Other,Vasur Raja arrested in Vellore DT Next,Vellore,,,,LOW,Vasur Raja arrested in Vellore Vasur Raja arrested in Vellore DT Next,5,Medium,True
010dbbac87b92b61,"Councillor, two others, booked for assaulting autorickshaw drivers in Vellore","Tue, 23 Dec 2025 08:00:00 GMT",The Hindu,https://news.google.com/rss/articles/CBMi3gFBVV95cUxPU3BTdnVmWlpfWHBaVWt0Z0MxSjBMVjRLYUVxNmRNbjZiYjMtSkEtYWlHSWpSSlNCemw1N0gtTFBGYk03S1dDcXFvWkw4VVU3aW1tc0p4SzQxSU85SFZFck9pZC1ORmZLQ1hIT0E4MmtPVlEzX3hpanJUalhiTDR6TE1kR3VESXBEQWQ0eHRYZzlZVFM3aG5HajVQOHlWNUFWYkNzNUR5dXp0MFZiNGRpbk9wWjBob1RYWjB3aE50M2YyNnpEYVZ2Wjk4ejc2LV9HRVJZdUR3MTN4bTEwckHSAeQBQVVfeXFMUFBKX1ExNjhwa3VTS1djNFVGQzJiNzdFelNQR2x3elpzS1hESVpHXzA1MDAyRHB4VDJmYnJFYllyRy0yb2ZLS1ZoUy1IaVpDMXFQRGpKaERvckxXQkdQNmV3VHdGb0RfVWJPYVBQcHFxZ19Xb0hvMTJWdlFuMWlIMFl2YU5zMFBPVGZ5U3NxaUFVQmVvOHJpeUdVczZfOTQzeUlfMnJrMVVaVjBjUEVYYUpZQzdKRXhsRlJyTjAxVEo5N1hzOGVUWWFOeFBlcEk1aHdoTjJ4UEVsSk1xYnhzOEZJRDh4?oc=5,Assault,"Councillor, two others, booked for assaulting autorickshaw drivers in Vellore The Hindu",Vellore,,,,LOW,"lor, two others, booked for assaulting autorickshaw drivers in Vellore Councillor, two others, booked for assaulting autorickshaw",8,High,True
52dc1a46d647aba6,Vellore Train Attacker Gets Fresh 15-Year Sentence In Second Assault Case,"Tue, 25 Nov 2025 08:00:00 GMT",ETV Bharat,https://news.google.com/rss/articles/CBMiwAFBVV95cUxPMmhUbHo2Z0J6bUNLLVBCQzR3TDJhVUZFdDhHUXB1bERDOWhxM3NKZ2VBV1licHZpTWNadDQ5VTktS0kwM1g4UzI3ZjNRZ1JDWmFGTUN0VlRFRi1KcWh3ZV9sQ0lwYlJ3RWcyMG1LWF9ZQVdkSm1jTWxRQnluaUJMRGM1MVNxUlF1ZzdHSERGVU42WElsSW1zT29waDVfd3BidHlvekJFUHMzOG80NTNpTHY3ZmZTOUtzVkJfYjc5M2TSAcYBQVVfeXFMUDBHbkp1eWgxZGV4ekFDbUlsdVpnTi1nd1hSekNqTnc1VWdOOFcyaXZCbEVMSTdEVGNBYnRscTBTVG85NVBYUXhHQVRQNjRxNllTdmd0QzVZd29YUVJMUmpDMm5nXzhJQ2JBV0FLMkt2OEtkajdPcDZGLUltblF2alpJQS1ucFZCVnAyQ0lUR3hOZ2djR01naFlWcmpPbDJ1RDlGWk5ERVhOekVtTVcwTXNXQUlfU0xLNWg2S1VXTDRLdk5ZTE53?oc=5,Assault,Vellore Train Attacker Gets Fresh 15-Year Sentence In Second Assault Case ETV Bharat,Vellore,,,,LOW,Vellore mentioned without exact incident locality,8,High,True
4f0b6c6df77fcbb3,"Minor gang-raped near Vellore, 3 arrested in Andhra Pradesh","Fri, 22 Nov 2024 08:00:00 GMT",The Times of India,https://news.google.com/rss/articles/CBMizgFBVV95cUxNTzVNQzJnOTQ3VU0yVVY4QVM1NHFYWS1JMkJJUEU2ZEV1LXdRc29kand0RTNFSmFRakRfTkh5aDU4Q2lCa1F1TFk3YU1zTnkxT29Qd1JzWTkxVGx2M25aOVVCWWFMVzNvT0laNURKZE05bWc0Y05vMDZPYmwyU1lkSEtXM1pGemEzb09LWTNMbEFYd0JXVGZvS0V5TDEwOW9aOEFOZ2RSbmJCbHFicE9qZmxrRTlqSTVuM1BZYmEwNXNlRXFXdHRaQTlHTXVaZ9IB0wFBVV95cUxOeVdQNmRxZkZFd0xnbXFmcjhfRE16bVBFOUhXU1J4Y1pXbS0xNlBfdWU3dURGN1dhSXVYYjhKTzQ5dDVoQ2J6LWJpc21XNFdkNnZCSjFnblYwaFRpNVVGVUZrOXUtSnFhQzJOU0FLUjkzNG9RRlFmR1BTTkEzUUhJeUdPdzQ3SVlPOGxRX1ozZ00xVjk1Y2htRmFaWDF0WnkzLUp4LWtEVG5MNDZIWXVNaEZ1QkFCMEx0SERiLUphbFl5MjUyVEZQUEtXVk5RX1R3MUhv?oc=5,Sexual Assault,"Minor gang-raped near Vellore, 3 arrested in Andhra Pradesh The Times of India",Vellore,,,,LOW,"Minor gang-raped near Vellore, 3 arrested in Andhra Pradesh Minor gang-raped near Vellore",10,Critical,True
1642d4f93a0428f8,Two persons arrested for sexual assault on woman from Vellore,"Mon, 07 Jul 2025 07:00:00 GMT",The Hindu,https://news.google.com/rss/articles/CBMixAFBVV95cUxQT3pZVzZRbUZ3dXJWOUg4ZGNPWExQZkQ0ZGVWekRBWHdCTFZiWUZON0hERC1MUmgyNzJJSVlIVm5IXzhyN3NHQ3pxU3BkSmlMX2t6SUFpMXliR3FqeVljaE5CemtlTGU1alk4MGF6bWZSY0I1VWtVUG1palhodE9tUVh4dFZHWDYwMmZwa0wzalpsWWJvRHpiMDZLbTFEMERJMVZnbHRBdm5wdE83Zi1rR2pYWjZfc19rQXlsVEQyNUJ6NExz0gHLAUFVX3lxTE1Va01PQTZtVy1EMFFoRWNGVmNGWEhGa1lIQk54S0VMcFZiV0ZpOEUzVEVmSU1pOGlBUElYcW1tYnJCaFUyLWtxenF2OGdMZnBzR3NQUUx0eGk1LXFHb04wUVJwLThzTWxBTGNIQUtlTWl4dmxoZ1ZiMDVFRGItLWI5NHpQSUg3by1Vc3h3OEVIbG53Z1JscDZwNmlYQWF3Z3FhTXhId0RCV3JpWUFfcWlUclJOY24wZWZLbkFudVF1blZUc0ZEMURKWG8w?oc=5,Assault,Two persons arrested for sexual assault on woman from Vellore The Hindu,Vellore,,,,UNKNOWN,Two persons arrested for sexual assault on woman from Vellore Two persons arrested for sexual assault on woman from Vello,8,High,True
95b9b34ea3eb44eb,Vellore pregnant woman pushed from train case: Hemaraj gets rigorous life imprisonment,"Mon, 14 Jul 2025 07:00:00 GMT",The Hindu,https://news.google.com/rss/articles/CBMi6wFBVV95cUxPTU9EczdBZ0phVDR0YzlGeUl6bUZXc3VscjJfdDFkOFc0TjZSNXBkbUZQTzZBU0c1SDBRUXlsRE1wWWs5bGp2ZmlaMU9jYXlpcUxqakhsUW02VURXQUpHbEVTR2lZWTJVOW5HYUozVFhGa3VtclhVYzgzbjFVZm0tT1RsWEVhMXRudGpwU01fSHlBTHBSclh5cG1iSkdqTXo3SUNrU3N0WTNmdFVtbG05YmNORlI3ekc2a1Q2ZFRmUU1rUFhKU0pzWWlwa0d3dDZaUzlIRUo5ekpYRzFrYUJzekpybjJ1NklQRjdv0gHyAUFVX3lxTFB3dU85ZjNJM1dPeXpwN3lGOEl5eDV2c05WYy1HQmRFTVFOeHJyMEVncjN0bWkzc0Jia3JINEgycV9ndHpxN3ZJRU9rNllXUUs4Mmc2U3lnVFQ1Sm9qUHFQV3B4SFRSSGdfUXZZdEZQR2tfaXF1c1pMSGFJWW8ta2JoazZCeEtpYmNlVmxwdWhHamtFS2dGc1pYWm9MN2tGY1psVDBQUzM0TDlQYzhDWmhqZUJqQms5Ql9BQzhuX2NJTVY5NEpBRlBLdmFqZ3FiV2tIYk11ZHJ5dTl3NTVKZ29mMFZQcTFlUF9JYXRyZGw0SEpB?oc=5,Assault,Vellore pregnant woman pushed from train case: Hemaraj gets rigorous life imprisonment The Hindu,Vellore,,,,LOW,Vellore mentioned without exact incident locality,8,High,True
892badebb421f307,History-sheeter Hemaraj convicted for pushing pregnant woman off train in Vellore,"Fri, 11 Jul 2025 07:00:00 GMT",The Hindu,https://news.google.com/rss/articles/CBMi7gFBVV95cUxQWWY5QmRlZzRpbDBMYUcyMkdZbDRMdnVzbFFCMXhJNkFlTEVUeGlFVWZ1SFYzeG52bEZWdFVQUXMwNDNJUlV5ZTBGYkNfYXlrRzdOQldxdzYtcnY3dlhXU0NpTkxYT3psZnZNakZ6TExLSDdBQlNIel9YX2lyb2hXa05rT1BsSHJWZHc5ZFVkcXBjeHBGT2tJcXc0RE1ETHBaSS02STh4dUhFTFV6VmxqSWswOHNDbklKcWlaa0RabTB6eWR4WC00NVJaaGN4U1Ezd0FwdDBXQWxWaEEtVVZROWpFNWZ4eG5RVXB3ZlRB0gH0AUFVX3lxTE53bll1WmZTNWd3TmtLcFdrT2FWTDVCOVlNMnFJSURCcjdOTVhRWmZYUmQ2NWVnRlFQVHo5SXlsTTh1Rnh0ZnVib3B1a0pUVEwyUWI0Y3ZobTlwYVFjb2lCMWJJSTBkMGhnNEdOb3phODFaMEZ4LU1tWWZtNnZRSnFBczhRYnBrQm4zdG53aEpVSTl6aTlicU0zdEJrLXZYVTBZVXNrNU13Q3V2NDF2bGdCUkhyeFJFZnhfenJYYWhsMHoxQml1ZDFiZlBYdlVHOHQtalNxMWo3VjVjbFNrWmdBdnZWS2N5ZXhlUU8wbmM4MnNKMG8?oc=5,Assault,History-sheeter Hemaraj convicted for pushing pregnant woman off train in Vellore The Hindu,Vellore,,,,LOW,eter Hemaraj convicted for pushing pregnant woman off train in Vellore History-sheeter Hemaraj convicted for pushing pregnant woma,8,High,True
e4244b8154067eb4,Tamil Nadu: Two held for assaulting doctor at Vellore GH,"Wed, 06 Mar 2024 08:00:00 GMT",The New Indian Express,https://news.google.com/rss/articles/CBMiugFBVV95cUxQTWVNX1ZzTjU0bHFUMV9IekZEZzF4cE1ZWVRkd0tFYzBTbEVndjJZbGtWMXNjZ09QZlRueDZwTHNMOU1LOG5DaUNERS1fT2I2dFNva1E1ZG5pMWg3THB0QlJvLVR1WjMxcUpNYVlLVXJITE44R29TMUZtNHBhVXFYN0pzV2Y0SlhzYWlYV3JjbXJraGhNY0hpdi00MVVQejhkampickpjSWRyTXNOZUpiQ1h6TGtKOHlBRUHSAccBQVVfeXFMTXpXSEtfOUd3OTBLblNieGpqTWo5SlZVdzh5ZUgyN29wQldQdE5tZTJ0ZGk2N0ZRSlR0Qll0eU1nUGdSZXRwbldiVm5sS2ZYdFlzXzZZcV9LdWxlLW5xaTMtbVdlSDFzdHUtMGhFZ3JuM2R4VjBJeDVocU1UMnA3ZjFJNnNLcENYcVhBaFp6WjBHTFJaSzNtZEhjZHZ4M0NoRDB6R2Y4cFZncmNCWi1lUTBfZnUxY21UcnB1ZGtqY0ttMTc2V0dVRQ?oc=5,Assault,Tamil Nadu: Two held for assaulting doctor at Vellore GH The New Indian Express,Vellore,Vellore GH,,,HIGH,Tamil Nadu: Two held for assaulting doctor at Vellore GH Tamil Nadu: Two held for assaulting doctor at Vellore GH Th,8,High,True
61e1be4bb8686611,"'Ambedkar tattoo on chest': Dalit man, who accelerated his two-wheeler, and his friend beaten up by gang in TN's Vellore","Sun, 19 Nov 2023 08:00:00 GMT",The New Indian Express,https://news.google.com/rss/articles/CBMimAJBVV95cUxNOGJmWXJSUExQaHE1T3Nsd3NUeTljXzZDemRteXlwenlpVFY0MDdEZ3ZCZWYyUTFtYURUd3pZQmJvQlhUejNJaFRERUNRdS1zT1FYelZpZkdHWHZFX3pSWTI5TnFrV0Y4U2dUc0tOYzZzTW1FRy0xdHFseVFtSUZQVWxLbmpWeFpsV25DX3RFNXpTMEttNVJnQkJnZWhDdjV2YW92dDZYbjV2bm1vNGs1cThPencwMURCdi1Fb1pSWkEzX3F2VzFueDJBYUxjYmRyTnNTZmJsdVh2YnVZTjFxYVMwdUpKOExsSS1zcG5iekNiRVRIN3NKVGdWSEtwSmNhemJEVU5xUWU4eUowdEVuXzVxQWs2Zk9f0gGmAkFVX3lxTFBZTWF6LXJmVXVzUm52M09vRVJHaXJIX3dCYzdFR1BrelZtdjNZTjRHRmlDSEF5aGVoamNnOHo2c1pRbDBteGRBQTFZMUgtdVhHZnFVdlNaLXRFaVdkR3R2NW5tNlNTZDQtaVVnYVZVVUNmdURvUTNYcFF0OFBKaU1jSll6NHoyUnpGV0paRGY5Q1ZnZmNwODBXaVEzaGxjUUk0aDlCYXFzdVZKR0pQbXI3TU84bV9vSEM4dlQ4T1ByRTM3X21Mam10dE83d3pqS0xjeG5YcXZUbncwUVM1S1Jsc2VIUHppdmRFbi1odkY2SFBDT0JObmJaTHJaYjJDRzB6M1Y5YnZ0UkJxS1VhenhfZ3c1b3lLSlhoQlJNdW0waTYtbnV2Zw?oc=5,Assault,"'Ambedkar tattoo on chest': Dalit man, who accelerated his two-wheeler, and his friend beaten up by gang in TN's Vellore The New Indian Express",Vellore,,,,LOW,Vellore mentioned without exact incident locality,8,High,True
0055b4c19472ef06,Tamil Nadu: 2 held for gang rape of woman near Vellore Fort,"Mon, 20 Jan 2020 08:00:00 GMT",The Times of India,https://news.google.com/rss/articles/CBMizAFBVV95cUxOSzMyLVBtaWVlNlZMdkdHUDZxSDdHNDhGd24yVC1NRGpwdVJ5dHNwaXd5R01Xa2owYkhBX09namJNLU5ZajV3cXhEMUNuSkFGdEg3X0l1UlU4MmYtdldHMEVrWktmUEpSVHVMNE8yaU96Mi1YdTRFX0MxbVVoWjVrb0JPMmlTZXVxNk1EcGZ1eFZvY2prcklBSzZBMy1zNE5obnNsVDNVc19Wa2VxZE1ydThDMEVtRk5fUTJCYl9VME1MUEpGTE5sYk8yQ2nSAdIBQVVfeXFMT0VRRFlqYXRfSEwtU3dwdWJXSmtoZkIzXzdUUGRWc0Uxb1dlelNUMjZVSWllbmxXSmxlTzNJeExUaU8wV3JYeU5JcFB5QTRJUTRDT0xpZUNsSnlURDc3b3NrMnVUa3U3anlpdHBiTXJsZ0taczdfemotcTFWaG91aVZtdC1sSTQ1Y3VUZ0wxZWJJVXNoVDAzdWdTT3laeVRwdlpkQ1NZV05xaFQ4RlVxMFZ6TGJieEVmZEMxU2VobVFPTkV5b2JQWExJYk1hUFNNQlh3?oc=5,Sexual Assault,Tamil Nadu: 2 held for gang rape of woman near Vellore Fort The Times of India,Vellore,Vellore Fort,12.920467,79.128182,HIGH,Tamil Nadu: 2 held for gang rape of woman near Vellore Fort Tamil Nadu: 2 held for gang rape of woman near Vellore Fort,10,Critical,True
34312e572e96ec6a,Tamil Nadu: Pregnant woman pushed out of moving train during bid to sexually assault her near Vellore,"Fri, 07 Feb 2025 08:00:00 GMT",The Hindu,https://news.google.com/rss/articles/CBMi_wFBVV95cUxOUXgwalBFalhxenJWUV9tWTVmQXBMOE40VmkxbTFrazFFOEx0UUlpYTJ4djcxc3RfTDVyWWp4bElnTnIweWlNRlhsU3pTTmxSVEdWWEVvNHFiTTRxcEpmc1ZMRC1WblkxbnBSQkNjUDd5eTBzdWFaNXZKc2Rjb1hieXBCZllBMU5zaTljSmFOazdQSUpRUldVaG11V013blgtRDh5R2JUYUQxZ1JrX2ttazE1dmxTaTYzeXZ5NEk1cDAzOHNURTJPbmYwYlplcWFMbWdyV3hHUmxNM3lCbHFhSzE4STZpcVZoY3BkMXZlNURWVnRGNUpDaEVjc1NsVEnSAYYCQVVfeXFMTS1JN1NPUGViVDVEZVE1blZCemxDajBEVWlSb3hvRlpULThQWWFEaXdyTTg0RGRFUnVMU09XYWozSy1zMUlvMDVNb3hzbGNYQk5FbVVjMml1X3RXb0N2bGhZZlF6RXdSQ1Y0UUkzQ1R6NExOLWxmcDlnY1FFbkVXRmpjeFZuTU9iZjVmSTBEd3dCSmg5NVp0VzZGYzJzWVhUTmlMN2ZzaXBBc2JWRGFiYktuWVZjUUZlUE0tVHNvZHZGVkt3VEpTQm1OaUVMV3U0LXNBMFJOVTlnbXdodVl1cFZOSGVETHZVLUhaNEkxalJ6Rjk3d1ppNk1FZk5zOXV2MkN0VEVlZw?oc=5,Assault,Tamil Nadu: Pregnant woman pushed out of moving train during bid to sexually assault her near Vellore The Hindu,Vellore,,,,LOW,shed out of moving train during bid to sexually assault her near Vellore Tamil Nadu: Pregnant woman pushed out of moving train durin,8,High,True
6a1ea1d19042bd28,"Sexually assaulted by her teacher, Class VI girl drops out of school near Katpadi","Thu, 05 Mar 2020 08:00:00 GMT",The Times of India,https://news.google.com/rss/articles/CBMi7gFBVV95cUxNSFQ3ZHBZbVRWQ0NPdFhIcEFxTDZVX25ldk1Gc0c5Y2FOZDliNDJyMUozOE90WllSMk5hTmJXYkdDYk1TRE5BQWd6TC1yUGFXcG1kZmxUTmF1TUd1amFEYnJDc29mZFV0WU1aWF9XSHBvZGk5Y0tCeEdrMEVfenFmX1NtNVk1anI5aEl1OVAyc3R5cUZQc1E2em1DQk8wSC0yX0doZ0xabDBjVTlBak1HaXI4M2VLSngyMXdHcTBfZUlreENmR0hucUFKdUdwVkRsY1UzLWdoYXotNFh0TTF6dzI5RlAzT2MyR2stRnp30gHzAUFVX3lxTE5jTy1VSkxKYTBzVWlLb1RSOUtndlZKMkt5ZGptVWQ0b1NSQnJnc0tna0ZhNlNwZTNtT3VQNnp1TE5hWXFFNG10S2Zod2hQV0VZbnFNcWFnRUxqNXFhMzdqVXNaSE51V0FHZ2JMc2Jpam94Ynk0NmRCakxxTXBfQkxmWWIybzl5bDdJbHU5Sl9faktJQ1psNEF0RFljWDBpcFZrb2QxRG1wcXhnT0ZIa0c3SGlPcHZRMC1nUGQ1VHp6bFk4dEh5ZjJMWkprZEtRdW9PUmdJNy1xUHZIeVNiQ05zVWRiSlhZYll3Zm9OcVJUVmV4aw?oc=5,Assault,"Sexually assaulted by her teacher, Class VI girl drops out of school near Katpadi The Times of India",Vellore,Katpadi,13.043505,79.240410,HIGH,"lted by her teacher, Class VI girl drops out of school near Katpadi Sexually assaulted by her teacher, Class VI girl drops out",8,High,True
8acc14f8125e2620,Gang rapes girl who stepped out of home to relieve herself in Vellore,"Thu, 21 Nov 2024 08:00:00 GMT",The New Indian Express,https://news.google.com/rss/articles/CBMizAFBVV95cUxPb3BFclpDSG1jZ2c0NG9tTU45VUtvVUV5YXpDRDBiWmtPY1R0TjByb0lHUjlibXhuT1c1QWpST19XS2JKVXdGWXFaSTJ1bXpNbG8wTXVBTTREQTFkNnRYUjJ1VEhFX3RleDByc2dOYzBXQkxrRFQyclRzdE9GeFVvLUxaYXFwUmpucGVGSkJMU0dzdzIwU2V5bW5nNEZPNVVBaVZZRmVzekJOY2xTMDZONjZjVlpPYTV6aU9DT0MxY3k0UU9UcTJGVWFtdnLSAdoBQVVfeXFMTm44LW1yazFJbER2YVpQQXJwWUJpMlVjR0NobktIWWkwTEJQRmNTNUZjMnRRZGgydzNOUjk5RFVZUnJOWkgwZ1JLX0FMTDAtc2QyYlRIOG1SNFlBMzFoVDk5UzRQZEZrZXJObzhGWkt5aWt5T2NhaUFWbWttZEFVWURUZkxqSjFXbDFNVkpWTnJfWkNFdHE0R2d0M3dHbXVIMDh3RnNUMzM4cW1ncDJhQ0QyemJWNU1iWjZHUE1kb1hJNlp1STYydFl1YUJRY1JOZFozWjB3Q0FwTWc?oc=5,Sexual Assault,Gang rapes girl who stepped out of home to relieve herself in Vellore The New Indian Express,Vellore,,,,LOW,Gang rapes girl who stepped out of home to relieve herself in Vellore Gang rapes girl who stepped out of home to relieve herself,10,Critical,True
